Workbook

Sheet Les meg
B1: Reisekalender – beste tid for reisemål
B2: Mock-up. Masterliste = «Reise - utenfor Europa.md». Klimatall er omtrentlige og verifiseres ved populering.
B4: Flyt
B5: 1. Destinasjoner – én rad per reisemål (fra .md-filen). ID brukes som nøkkel i alle andre ark.
B6: 2. Måned – 12 rader per destinasjon med delscorer, T/N og begrunnelse. Samlet score beregnes.
B7: 3. Vinduer – ukesavgrensede justeringer (hendelser, dyreliv, helligdager). Legges oppå månedsscoren.
B8: 4. Kalender – generert heatmap destinasjon × ISO-uke. Marker egne tilgjengelige uker med «x» i rad 7.
B10: Konvensjoner
B11: Blå tekst / gul bakgrunn = input. Svart = formel. Ikke skriv i formelceller.
B12: Uke → måned: en uke tilhører måneden torsdagen faller i (ISO-logikk). Uke 53 (f.eks. 2026) vises ikke.
B13: Vindu med Fra > Til går over nyttår (f.eks. uke 49–12).
B15: Scoreskala (1–5)
... B20: Vekter for samlet score
B21: Klima | C21: 0.4
B22: Opplevelse | C22: 0.4
B23: Trengsel/pris | C23: 0.2
B24: Sum (skal være 100 %) | C24: =SUM(C21:C23)
B25: Veto-tak: Hvis Klima eller Opplevelse = 1, begrenses samlet score til dette taket (vektet snitt hvis lavere). | C25: 1.5
B26: Vindu-justering (±) legges til i Kalender; resultatet begrenses til 1–5.

Sheet Kalender
A1: Kalender – score per ISO-uke
A2: År | B2: 2026 | C2: Månedsscore + vinduer, begrenset til 1–5. Tomt = ikke vurdert ennå.
A3: Grønn fra | B3: 4 | C3: Uker med score ≥ denne verdien farges lysegrønne; resten er uten farge.
A4: Mørkegrønn fra | B4: 4.4 | C4: De beste ukene (score ≥ denne verdien) farges mørkegrønne. | E4: Uke | F4: 1 | G4: 2 | H4: 3 | I4: 4 | J4: 5 | K4: 6 | L4: 7 | M4: 8 | N4: 9 | O4: 10 | P4: 11 | Q4: 12 | R4: 13 | S4: 14 | T4: 15 | U4: 16 | V4: 17 | W4: 18 | X4: 19 | Y4: 20 | Z4: 21 | AA4: 22 | AB4: 23 | AC4: 24 | AD4: 25 | AE4: 26 | AF4: 27 | AG4: 28 | AH4: 29 | AI4: 30 | AJ4: 31 | AK4: 32 | AL4: 33 | AM4: 34 | AN4: 35 | AO4: 36 | AP4: 37 | AQ4: 38 | AR4: 39 | AS4: 40 | AT4: 41 | AU4: 42 | AV4: 43 | AW4: 44 | AX4: 45 | AY4: 46 | AZ4: 47 | BA4: 48 | BB4: 49 | BC4: 50 | BD4: 51 | BE4: 52
E5: Mandag | F5: =DATE($B$2,1,4)-WEEKDAY(DATE($B$2,1,4),2)+1+(F4-1)*7 | G5: =DATE($B$2,1,4)-WEEKDAY(DATE($B$2,1,4),2)+1+(G4-1)*7 | H5: =DATE($B$2,1,4)-WEEKDAY(DATE($B$2,1,4),2)+1+(H4-1)*7 | I5: =DATE($B$2,1,4)-WEEKDAY(DATE($B$2,1,4),2)+1+(I4-1)*7 | J5: =DATE($B$2,1,4)-WEEKDAY(DATE($B$2,1,4),2)+1+(J4-1)*7 | K5: =DATE($B$2,1,4)-WEEKDAY(DATE($B$2,1,4),2)+1+(K4-1)*7 | L5: =DATE($B$2,1,4)-WEEKDAY(DATE($B$2,1,4),2)+1+(L4-1)*7 | M5: =DATE($B$2,1,4)-WEEKDAY(DATE($B$2,1,4),2)+1+(M4-1)*7 | ... BE5: =DATE($B$2,1,4)-WEEKDAY(DATE($B$2,1,4),2)+1+(BE4-1)*7
E6: Måned | F6: =CHOOSE(MONTH(F5+3),"jan","feb","mar","apr","mai","jun","jul","aug","sep","okt","nov","des") | G6: =IF(MONTH(G5+3)<>MONTH(F5+3),CHOOSE(MONTH(G5+3),"jan","feb","mar","apr","mai","jun","jul","aug","sep","okt","nov","des"),"") | H6: =IF(MONTH(H5+3)<>MONTH(G5+3),CHOOSE(MONTH(H5+3),"jan","feb","mar","apr","mai","jun","jul","aug","sep","okt","nov","des"),"") | I6: =IF(MONTH(I5+3)<>MONTH(H5+3),CHOOSE(MONTH(I5+3),"jan","feb","mar","apr","mai","jun","jul","aug","sep","okt","nov","des"),"") | J6: =IF(MONTH(J5+3)<>MONTH(I5+3),CHOOSE(MONTH(J5+3),"jan","feb","mar","apr","mai","jun","jul","aug","sep","okt","nov","des"),"") | K6: =IF(MONTH(K5+3)<>MONTH(J5+3),CHOOSE(MONTH(K5+3),"jan","feb","mar","apr","mai","jun","jul","aug","sep","okt","nov","des"),"") | L6: =IF(MONTH(L5+3)<>MONTH(K5+3),CHOOSE(MONTH(L5+3),"jan","feb","mar","apr","mai","jun","jul","aug","sep","okt","nov","des"),"") | M6: =IF(MONTH(M5+3)<>MONTH(L5+3),CHOOSE(MONTH(M5+3),"jan","feb","mar","apr","mai","jun","jul","aug","sep","okt","nov","des"),"") | N6: =IF(MONTH(N5+3)<>MONTH(M5+3),CHOOSE(MONTH(N5+3),"jan","feb","mar","apr","mai","jun","jul","aug","sep","okt","nov","des"),"") | ... BE6: =IF(MONTH(BE5+3)<>MONTH(BD5+3),CHOOSE(MONTH(BE5+3),"jan","feb","mar","apr","mai","jun","jul","aug","sep","okt","nov","des"),"")
E7: Tilgjengelig (x) | AX7: x | AY7: x | AZ7: x | BA7: x
A8: ID | B8: Destinasjon | C8: Region | D8: Snitt mine uker | E8: Laveste mine uker
A9: =IF(Destinasjoner!A5="","",Destinasjoner!A5) | B9: =IF(A9="","",Destinasjoner!E5) | C9: =IF(A9="","",Destinasjoner!B5) | D9: =IFERROR(SUMIFS(F9:BE9,$F$7:$BE$7,"x")/COUNTIFS($F$7:$BE$7,"x",F9:BE9,">0"),"") | E9: =IF(D9="","",_xlfn.MINIFS(F9:BE9,$F$7:$BE$7,"x",F9:BE9,">0")) | F9: =IF($A9="","",IF(COUNTIFS(Måned!$A$5:$A$2000,$A9,Måned!$C$5:$C$2000,MONTH(F$5+3))=0,"",MAX(1,MIN(5,SUMIFS(Måned!$H$5:$H$2000,Måned!$A$5:$A$2000,$A9,Måned!$C$5:$C$2000,MONTH(F$5+3))+SUMPRODUCT((Vinduer!$A$5:$A$300=$A9)*Vinduer!$F$5:$F$300*(((Vinduer!$G$5:$G$300="")+(Vinduer!$G$5:$G$300=$B$2))>0)*((Vinduer!$C$5:$C$300<=Vinduer!$D$5:$D$300)*(F$4>=Vinduer!$C$5:$C$300)*(F$4<=Vinduer!$D$5:$D$300)+(Vinduer!$C$5:$C$300>Vinduer!$D$5:$D$300)*(((F$4>=Vinduer!$C$5:$C$300)+(F$4<=Vinduer!$D$5:$D$300))>0))))))) | G9: =IF($A9="","",IF(COUNTIFS(Måned!$A$5:$A$2000,$A9,Måned!$C$5:$C$2000,MONTH(G$5+3))=0,"",MAX(1,MIN(5,SUMIFS(Måned!$H$5:$H$2000,Måned!$A$5:$A$2000,$A9,Måned!$C$5:$C$2000,MONTH(G$5+3))+SUMPRODUCT((Vinduer!$A$5:$A$300=$A9)*Vinduer!$F$5:$F$300*(((Vinduer!$G$5:$G$300="")+(Vinduer!$G$5:$G$300=$B$2))>0)*((Vinduer!$C$5:$C$300<=Vinduer!$D$5:$D$300)*(G$4>=Vinduer!$C$5:$C$300)*(G$4<=Vinduer!$D$5:$D$300)+(Vinduer!$C$5:$C$300>Vinduer!$D$5:$D$300)*(((G$4>=Vinduer!$C$5:$C$300)+(G$4<=Vinduer!$D$5:$D$300))>0))))))) | H9: =IF($A9="","",IF(COUNTIFS(Måned!$A$5:$A$2000,$A9,Måned!$C$5:$C$2000,MONTH(H$5+3))=0,"",MAX(1,MIN(5,SUMIFS(Måned!$H$5:$H$2000,Måned!$A$5:$A$2000,$A9,Måned!$C$5:$C$2000,MONTH(H$5+3))+SUMPRODUCT((Vinduer!$A$5:$A$300=$A9)*Vinduer!$F$5:$F$300*(((Vinduer!$G$5:$G$300="")+(Vinduer!$G$5:$G$300=$B$2))>0)*((Vinduer!$C$5:$C$300<=Vinduer!$D$5:$D$300)*(H$4>=Vinduer!$C$5:$C$300)*(H$4<=Vinduer!$D$5:$D$300)+(Vinduer!$C$5:$C$300>Vinduer!$D$5:$D$300)*(((H$4>=Vinduer!$C$5:$C$300)+(H$4<=Vinduer!$D$5:$D$300))>0))))))) | I9: =IF($A9="","",IF(COUNTIFS(Måned!$A$5:$A$2000,$A9,Måned!$C$5:$C$2000,MONTH(I$5+3))=0,"",MAX(1,MIN(5,SUMIFS(Måned!$H$5:$H$2000,Måned!$A$5:$A$2000,$A9,Måned!$C$5:$C$2000,MONTH(I$5+3))+SUMPRODUCT((Vinduer!$A$5:$A$300=$A9)*Vinduer!$F$5:$F$300*(((Vinduer!$G$5:$G$300="")+(Vinduer!$G$5:$G$300=$B$2))>0)*((Vinduer!$C$5:$C$300<=Vinduer!$D$5:$D$300)*(I$4>=Vinduer!$C$5:$C$300)*(I$4<=Vinduer!$D$5:$D$300)+(Vinduer!$C$5:$C$300>Vinduer!$D$5:$D$300)*(((I$4>=Vinduer!$C$5:$C$300)+(I$4<=Vinduer!$D$5:$D$300))>0))))))) | J9: =IF($A9="","",IF(COUNTIFS(Måned!$A$5:$A$2000,$A9,Måned!$C$5:$C$2000,MONTH(J$5+3))=0,"",MAX(1,MIN(5,SUMIFS(Måned!$H$5:$H$2000,Måned!$A$5:$A$2000,$A9,Måned!$C$5:$C$2000,MONTH(J$5+3))+SUMPRODUCT((Vinduer!$A$5:$A$300=$A9)*Vinduer!$F$5:$F$300*(((Vinduer!$G$5:$G$300="")+(Vinduer!$G$5:$G$300=$B$2))>0)*((Vinduer!$C$5:$C$300<=Vinduer!$D$5:$D$300)*(J$4>=Vinduer!$C$5:$C$300)*(J$4<=Vinduer!$D$5:$D$300)+(Vinduer!$C$5:$C$300>Vinduer!$D$5:$D$300)*(((J$4>=Vinduer!$C$5:$C$300)+(J$4<=Vinduer!$D$5:$D$300))>0))))))) | K9: =IF($A9="","",IF(COUNTIFS(Måned!$A$5:$A$2000,$A9,Måned!$C$5:$C$2000,MONTH(K$5+3))=0,"",MAX(1,MIN(5,SUMIFS(Måned!$H$5:$H$2000,Måned!$A$5:$A$2000,$A9,Måned!$C$5:$C$2000,MONTH(K$5+3))+SUMPRODUCT((Vinduer!$A$5:$A$300=$A9)*Vinduer!$F$5:$F$300*(((Vinduer!$G$5:$G$300="")+(Vinduer!$G$5:$G$300=$B$2))>0)*((Vinduer!$C$5:$C$300<=Vinduer!$D$5:$D$300)*(K$4>=Vinduer!$C$5:$C$300)*(K$4<=Vinduer!$D$5:$D$300)+(Vinduer!$C$5:$C$300>Vinduer!$D$5:$D$300)*(((K$4>=Vinduer!$C$5:$C$300)+(K$4<=Vinduer!$D$5:$D$300))>0))))))) | L9: =IF($A9="","",IF(COUNTIFS(Måned!$A$5:$A$2000,$A9,Måned!$C$5:$C$2000,MONTH(L$5+3))=0,"",MAX(1,MIN(5,SUMIFS(Måned!$H$5:$H$2000,Måned!$A$5:$A$2000,$A9,Måned!$C$5:$C$2000,MONTH(L$5+3))+SUMPRODUCT((Vinduer!$A$5:$A$300=$A9)*Vinduer!$F$5:$F$300*(((Vinduer!$G$5:$G$300="")+(Vinduer!$G$5:$G$300=$B$2))>0)*((Vinduer!$C$5:$C$300<=Vinduer!$D$5:$D$300)*(L$4>=Vinduer!$C$5:$C$300)*(L$4<=Vinduer!$D$5:$D$300)+(Vinduer!$C$5:$C$300>Vinduer!$D$5:$D$300)*(((L$4>=Vinduer!$C$5:$C$300)+(L$4<=Vinduer!$D$5:$D$300))>0))))))) | M9: =IF($A9="","",IF(COUNTIFS(Måned!$A$5:$A$2000,$A9,Måned!$C$5:$C$2000,MONTH(M$5+3))=0,"",MAX(1,MIN(5,SUMIFS(Måned!$H$5:$H$2000,Måned!$A$5:$A$2000,$A9,Måned!$C$5:$C$2000,MONTH(M$5+3))+SUMPRODUCT((Vinduer!$A$5:$A$300=$A9)*Vinduer!$F$5:$F$300*(((Vinduer!$G$5:$G$300="")+(Vinduer!$G$5:$G$300=$B$2))>0)*((Vinduer!$C$5:$C$300<=Vinduer!$D$5:$D$300)*(M$4>=Vinduer!$C$5:$C$300)*(M$4<=Vinduer!$D$5:$D$300)+(Vinduer!$C$5:$C$300>Vinduer!$D$5:$D$300)*(((M$4>=Vinduer!$C$5:$C$300)+(M$4<=Vinduer!$D$5:$D$300))>0))))))) | ... BE9: =IF($A9="","",IF(COUNTIFS(Måned!$A$5:$A$2000,$A9,Måned!$C$5:$C$2000,MONTH(BE$5+3))=0,"",MAX(1,MIN(5,SUMIFS(Måned!$H$5:$H$2000,Måned!$A$5:$A$2000,$A9,Måned!$C$5:$C$2000,MONTH(BE$5+3))+SUMPRODUCT((Vinduer!$A$5:$A$300=$A9)*Vinduer!$F$5:$F$300*(((Vinduer!$G$5:$G$300="")+(Vinduer!$G$5:$G$300=$B$2))>0)*((Vinduer!$C$5:$C$300<=Vinduer!$D$5:$D$300)*(BE$4>=Vinduer!$C$5:$C$300)*(BE$4<=Vinduer!$D$5:$D$300)+(Vinduer!$C$5:$C$300>Vinduer!$D$5:$D$300)*(((BE$4>=Vinduer!$C$5:$C$300)+(BE$4<=Vinduer!$D$5:$D$300))>0)))))))
A10: =IF(Destinasjoner!A6="","",Destinasjoner!A6) | B10: =IF(A10="","",Destinasjoner!E6) | C10: =IF(A10="","",Destinasjoner!B6) | D10: =IFERROR(SUMIFS(F10:BE10,$F$7:$BE$7,"x")/COUNTIFS($F$7:$BE$7,"x",F10:BE10,">0"),"") | E10: =IF(D10="","",_xlfn.MINIFS(F10:BE10,$F$7:$BE$7,"x",F10:BE10,">0")) | F10: =IF($A10="","",IF(COUNTIFS(Måned!$A$5:$A$2000,$A10,Måned!$C$5:$C$2000,MONTH(F$5+3))=0,"",MAX(1,MIN(5,SUMIFS(Måned!$H$5:$H$2000,Måned!$A$5:$A$2000,$A10,Måned!$C$5:$C$2000,MONTH(F$5+3))+SUMPRODUCT((Vinduer!$A$5:$A$300=$A10)*Vinduer!$F$5:$F$300*(((Vinduer!$G$5:$G$300="")+(Vinduer!$G$5:$G$300=$B$2))>0)*((Vinduer!$C$5:$C$300<=Vinduer!$D$5:$D$300)*(F$4>=Vinduer!$C$5:$C$300)*(F$4<=Vinduer!$D$5:$D$300)+(Vinduer!$C$5:$C$300>Vinduer!$D$5:$D$300)*(((F$4>=Vinduer!$C$5:$C$300)+(F$4<=Vinduer!$D$5:$D$300))>0))))))) | G10: =IF($A10="","",IF(COUNTIFS(Måned!$A$5:$A$2000,$A10,Måned!$C$5:$C$2000,MONTH(G$5+3))=0,"",MAX(1,MIN(5,SUMIFS(Måned!$H$5:$H$2000,Måned!$A$5:$A$2000,$A10,Måned!$C$5:$C$2000,MONTH(G$5+3))+SUMPRODUCT((Vinduer!$A$5:$A$300=$A10)*Vinduer!$F$5:$F$300*(((Vinduer!$G$5:$G$300="")+(Vinduer!$G$5:$G$300=$B$2))>0)*((Vinduer!$C$5:$C$300<=Vinduer!$D$5:$D$300)*(G$4>=Vinduer!$C$5:$C$300)*(G$4<=Vinduer!$D$5:$D$300)+(Vinduer!$C$5:$C$300>Vinduer!$D$5:$D$300)*(((G$4>=Vinduer!$C$5:$C$300)+(G$4<=Vinduer!$D$5:$D$300))>0))))))) | H10: =IF($A10="","",IF(COUNTIFS(Måned!$A$5:$A$2000,$A10,Måned!$C$5:$C$2000,MONTH(H$5+3))=0,"",MAX(1,MIN(5,SUMIFS(Måned!$H$5:$H$2000,Måned!$A$5:$A$2000,$A10,Måned!$C$5:$C$2000,MONTH(H$5+3))+SUMPRODUCT((Vinduer!$A$5:$A$300=$A10)*Vinduer!$F$5:$F$300*(((Vinduer!$G$5:$G$300="")+(Vinduer!$G$5:$G$300=$B$2))>0)*((Vinduer!$C$5:$C$300<=Vinduer!$D$5:$D$300)*(H$4>=Vinduer!$C$5:$C$300)*(H$4<=Vinduer!$D$5:$D$300)+(Vinduer!$C$5:$C$300>Vinduer!$D$5:$D$300)*(((H$4>=Vinduer!$C$5:$C$300)+(H$4<=Vinduer!$D$5:$D$300))>0))))))) | I10: =IF($A10="","",IF(COUNTIFS(Måned!$A$5:$A$2000,$A10,Måned!$C$5:$C$2000,MONTH(I$5+3))=0,"",MAX(1,MIN(5,SUMIFS(Måned!$H$5:$H$2000,Måned!$A$5:$A$2000,$A10,Måned!$C$5:$C$2000,MONTH(I$5+3))+SUMPRODUCT((Vinduer!$A$5:$A$300=$A10)*Vinduer!$F$5:$F$300*(((Vinduer!$G$5:$G$300="")+(Vinduer!$G$5:$G$300=$B$2))>0)*((Vinduer!$C$5:$C$300<=Vinduer!$D$5:$D$300)*(I$4>=Vinduer!$C$5:$C$300)*(I$4<=Vinduer!$D$5:$D$300)+(Vinduer!$C$5:$C$300>Vinduer!$D$5:$D$300)*(((I$4>=Vinduer!$C$5:$C$300)+(I$4<=Vinduer!$D$5:$D$300))>0))))))) | J10: =IF($A10="","",IF(COUNTIFS(Måned!$A$5:$A$2000,$A10,Måned!$C$5:$C$2000,MONTH(J$5+3))=0,"",MAX(1,MIN(5,SUMIFS(Måned!$H$5:$H$2000,Måned!$A$5:$A$2000,$A10,Måned!$C$5:$C$2000,MONTH(J$5+3))+SUMPRODUCT((Vinduer!$A$5:$A$300=$A10)*Vinduer!$F$5:$F$300*(((Vinduer!$G$5:$G$300="")+(Vinduer!$G$5:$G$300=$B$2))>0)*((Vinduer!$C$5:$C$300<=Vinduer!$D$5:$D$300)*(J$4>=Vinduer!$C$5:$C$300)*(J$4<=Vinduer!$D$5:$D$300)+(Vinduer!$C$5:$C$300>Vinduer!$D$5:$D$300)*(((J$4>=Vinduer!$C$5:$C$300)+(J$4<=Vinduer!$D$5:$D$300))>0))))))) | K10: =IF($A10="","",IF(COUNTIFS(Måned!$A$5:$A$2000,$A10,Måned!$C$5:$C$2000,MONTH(K$5+3))=0,"",MAX(1,MIN(5,SUMIFS(Måned!$H$5:$H$2000,Måned!$A$5:$A$2000,$A10,Måned!$C$5:$C$2000,MONTH(K$5+3))+SUMPRODUCT((Vinduer!$A$5:$A$300=$A10)*Vinduer!$F$5:$F$300*(((Vinduer!$G$5:$G$300="")+(Vinduer!$G$5:$G$300=$B$2))>0)*((Vinduer!$C$5:$C$300<=Vinduer!$D$5:$D$300)*(K$4>=Vinduer!$C$5:$C$300)*(K$4<=Vinduer!$D$5:$D$300)+(Vinduer!$C$5:$C$300>Vinduer!$D$5:$D$300)*(((K$4>=Vinduer!$C$5:$C$300)+(K$4<=Vinduer!$D$5:$D$300))>0))))))) | L10: =IF($A10="","",IF(COUNTIFS(Måned!$A$5:$A$2000,$A10,Måned!$C$5:$C$2000,MONTH(L$5+3))=0,"",MAX(1,MIN(5,SUMIFS(Måned!$H$5:$H$2000,Måned!$A$5:$A$2000,$A10,Måned!$C$5:$C$2000,MONTH(L$5+3))+SUMPRODUCT((Vinduer!$A$5:$A$300=$A10)*Vinduer!$F$5:$F$300*(((Vinduer!$G$5:$G$300="")+(Vinduer!$G$5:$G$300=$B$2))>0)*((Vinduer!$C$5:$C$300<=Vinduer!$D$5:$D$300)*(L$4>=Vinduer!$C$5:$C$300)*(L$4<=Vinduer!$D$5:$D$300)+(Vinduer!$C$5:$C$300>Vinduer!$D$5:$D$300)*(((L$4>=Vinduer!$C$5:$C$300)+(L$4<=Vinduer!$D$5:$D$300))>0))))))) | M10: =IF($A10="","",IF(COUNTIFS(Måned!$A$5:$A$2000,$A10,Måned!$C$5:$C$2000,MONTH(M$5+3))=0,"",MAX(1,MIN(5,SUMIFS(Måned!$H$5:$H$2000,Måned!$A$5:$A$2000,$A10,Måned!$C$5:$C$2000,MONTH(M$5+3))+SUMPRODUCT((Vinduer!$A$5:$A$300=$A10)*Vinduer!$F$5:$F$300*(((Vinduer!$G$5:$G$300="")+(Vinduer!$G$5:$G$300=$B$2))>0)*((Vinduer!$C$5:$C$300<=Vinduer!$D$5:$D$300)*(M$4>=Vinduer!$C$5:$C$300)*(M$4<=Vinduer!$D$5:$D$300)+(Vinduer!$C$5:$C$300>Vinduer!$D$5:$D$300)*(((M$4>=Vinduer!$C$5:$C$300)+(M$4<=Vinduer!$D$5:$D$300))>0))))))) | ... BE10: =IF($A10="","",IF(COUNTIFS(Måned!$A$5:$A$2000,$A10,Måned!$C$5:$C$2000,MONTH(BE$5+3))=0,"",MAX(1,MIN(5,SUMIFS(Måned!$H$5:$H$2000,Måned!$A$5:$A$2000,$A10,Måned!$C$5:$C$2000,MONTH(BE$5+3))+SUMPRODUCT((Vinduer!$A$5:$A$300=$A10)*Vinduer!$F$5:$F$300*(((Vinduer!$G$5:$G$300="")+(Vinduer!$G$5:$G$300=$B$2))>0)*((Vinduer!$C$5:$C$300<=Vinduer!$D$5:$D$300)*(BE$4>=Vinduer!$C$5:$C$300)*(BE$4<=Vinduer!$D$5:$D$300)+(Vinduer!$C$5:$C$300>Vinduer!$D$5:$D$300)*(((BE$4>=Vinduer!$C$5:$C$300)+(BE$4<=Vinduer!$D$5:$D$300))>0)))))))
A11: =IF(Destinasjoner!A7="","",Destinasjoner!A7) | B11: =IF(A11="","",Destinasjoner!E7) | C11: =IF(A11="","",Destinasjoner!B7) | D11: =IFERROR(SUMIFS(F11:BE11,$F$7:$BE$7,"x")/COUNTIFS($F$7:$BE$7,"x",F11:BE11,">0"),"") | E11: =IF(D11="","",_xlfn.MINIFS(F11:BE11,$F$7:$BE$7,"x",F11:BE11,">0")) | F11: =IF($A11="","",IF(COUNTIFS(Måned!$A$5:$A$2000,$A11,Måned!$C$5:$C$2000,MONTH(F$5+3))=0,"",MAX(1,MIN(5,SUMIFS(Måned!$H$5:$H$2000,Måned!$A$5:$A$2000,$A11,Måned!$C$5:$C$2000,MONTH(F$5+3))+SUMPRODUCT((Vinduer!$A$5:$A$300=$A11)*Vinduer!$F$5:$F$300*(((Vinduer!$G$5:$G$300="")+(Vinduer!$G$5:$G$300=$B$2))>0)*((Vinduer!$C$5:$C$300<=Vinduer!$D$5:$D$300)*(F$4>=Vinduer!$C$5:$C$300)*(F$4<=Vinduer!$D$5:$D$300)+(Vinduer!$C$5:$C$300>Vinduer!$D$5:$D$300)*(((F$4>=Vinduer!$C$5:$C$300)+(F$4<=Vinduer!$D$5:$D$300))>0))))))) | G11: =IF($A11="","",IF(COUNTIFS(Måned!$A$5:$A$2000,$A11,Måned!$C$5:$C$2000,MONTH(G$5+3))=0,"",MAX(1,MIN(5,SUMIFS(Måned!$H$5:$H$2000,Måned!$A$5:$A$2000,$A11,Måned!$C$5:$C$2000,MONTH(G$5+3))+SUMPRODUCT((Vinduer!$A$5:$A$300=$A11)*Vinduer!$F$5:$F$300*(((Vinduer!$G$5:$G$300="")+(Vinduer!$G$5:$G$300=$B$2))>0)*((Vinduer!$C$5:$C$300<=Vinduer!$D$5:$D$300)*(G$4>=Vinduer!$C$5:$C$300)*(G$4<=Vinduer!$D$5:$D$300)+(Vinduer!$C$5:$C$300>Vinduer!$D$5:$D$300)*(((G$4>=Vinduer!$C$5:$C$300)+(G$4<=Vinduer!$D$5:$D$300))>0))))))) | H11: =IF($A11="","",IF(COUNTIFS(Måned!$A$5:$A$2000,$A11,Måned!$C$5:$C$2000,MONTH(H$5+3))=0,"",MAX(1,MIN(5,SUMIFS(Måned!$H$5:$H$2000,Måned!$A$5:$A$2000,$A11,Måned!$C$5:$C$2000,MONTH(H$5+3))+SUMPRODUCT((Vinduer!$A$5:$A$300=$A11)*Vinduer!$F$5:$F$300*(((Vinduer!$G$5:$G$300="")+(Vinduer!$G$5:$G$300=$B$2))>0)*((Vinduer!$C$5:$C$300<=Vinduer!$D$5:$D$300)*(H$4>=Vinduer!$C$5:$C$300)*(H$4<=Vinduer!$D$5:$D$300)+(Vinduer!$C$5:$C$300>Vinduer!$D$5:$D$300)*(((H$4>=Vinduer!$C$5:$C$300)+(H$4<=Vinduer!$D$5:$D$300))>0))))))) | I11: =IF($A11="","",IF(COUNTIFS(Måned!$A$5:$A$2000,$A11,Måned!$C$5:$C$2000,MONTH(I$5+3))=0,"",MAX(1,MIN(5,SUMIFS(Måned!$H$5:$H$2000,Måned!$A$5:$A$2000,$A11,Måned!$C$5:$C$2000,MONTH(I$5+3))+SUMPRODUCT((Vinduer!$A$5:$A$300=$A11)*Vinduer!$F$5:$F$300*(((Vinduer!$G$5:$G$300="")+(Vinduer!$G$5:$G$300=$B$2))>0)*((Vinduer!$C$5:$C$300<=Vinduer!$D$5:$D$300)*(I$4>=Vinduer!$C$5:$C$300)*(I$4<=Vinduer!$D$5:$D$300)+(Vinduer!$C$5:$C$300>Vinduer!$D$5:$D$300)*(((I$4>=Vinduer!$C$5:$C$300)+(I$4<=Vinduer!$D$5:$D$300))>0))))))) | J11: =IF($A11="","",IF(COUNTIFS(Måned!$A$5:$A$2000,$A11,Måned!$C$5:$C$2000,MONTH(J$5+3))=0,"",MAX(1,MIN(5,SUMIFS(Måned!$H$5:$H$2000,Måned!$A$5:$A$2000,$A11,Måned!$C$5:$C$2000,MONTH(J$5+3))+SUMPRODUCT((Vinduer!$A$5:$A$300=$A11)*Vinduer!$F$5:$F$300*(((Vinduer!$G$5:$G$300="")+(Vinduer!$G$5:$G$300=$B$2))>0)*((Vinduer!$C$5:$C$300<=Vinduer!$D$5:$D$300)*(J$4>=Vinduer!$C$5:$C$300)*(J$4<=Vinduer!$D$5:$D$300)+(Vinduer!$C$5:$C$300>Vinduer!$D$5:$D$300)*(((J$4>=Vinduer!$C$5:$C$300)+(J$4<=Vinduer!$D$5:$D$300))>0))))))) | K11: =IF($A11="","",IF(COUNTIFS(Måned!$A$5:$A$2000,$A11,Måned!$C$5:$C$2000,MONTH(K$5+3))=0,"",MAX(1,MIN(5,SUMIFS(Måned!$H$5:$H$2000,Måned!$A$5:$A$2000,$A11,Måned!$C$5:$C$2000,MONTH(K$5+3))+SUMPRODUCT((Vinduer!$A$5:$A$300=$A11)*Vinduer!$F$5:$F$300*(((Vinduer!$G$5:$G$300="")+(Vinduer!$G$5:$G$300=$B$2))>0)*((Vinduer!$C$5:$C$300<=Vinduer!$D$5:$D$300)*(K$4>=Vinduer!$C$5:$C$300)*(K$4<=Vinduer!$D$5:$D$300)+(Vinduer!$C$5:$C$300>Vinduer!$D$5:$D$300)*(((K$4>=Vinduer!$C$5:$C$300)+(K$4<=Vinduer!$D$5:$D$300))>0))))))) | L11: =IF($A11="","",IF(COUNTIFS(Måned!$A$5:$A$2000,$A11,Måned!$C$5:$C$2000,MONTH(L$5+3))=0,"",MAX(1,MIN(5,SUMIFS(Måned!$H$5:$H$2000,Måned!$A$5:$A$2000,$A11,Måned!$C$5:$C$2000,MONTH(L$5+3))+SUMPRODUCT((Vinduer!$A$5:$A$300=$A11)*Vinduer!$F$5:$F$300*(((Vinduer!$G$5:$G$300="")+(Vinduer!$G$5:$G$300=$B$2))>0)*((Vinduer!$C$5:$C$300<=Vinduer!$D$5:$D$300)*(L$4>=Vinduer!$C$5:$C$300)*(L$4<=Vinduer!$D$5:$D$300)+(Vinduer!$C$5:$C$300>Vinduer!$D$5:$D$300)*(((L$4>=Vinduer!$C$5:$C$300)+(L$4<=Vinduer!$D$5:$D$300))>0))))))) | M11: =IF($A11="","",IF(COUNTIFS(Måned!$A$5:$A$2000,$A11,Måned!$C$5:$C$2000,MONTH(M$5+3))=0,"",MAX(1,MIN(5,SUMIFS(Måned!$H$5:$H$2000,Måned!$A$5:$A$2000,$A11,Måned!$C$5:$C$2000,MONTH(M$5+3))+SUMPRODUCT((Vinduer!$A$5:$A$300=$A11)*Vinduer!$F$5:$F$300*(((Vinduer!$G$5:$G$300="")+(Vinduer!$G$5:$G$300=$B$2))>0)*((Vinduer!$C$5:$C$300<=Vinduer!$D$5:$D$300)*(M$4>=Vinduer!$C$5:$C$300)*(M$4<=Vinduer!$D$5:$D$300)+(Vinduer!$C$5:$C$300>Vinduer!$D$5:$D$300)*(((M$4>=Vinduer!$C$5:$C$300)+(M$4<=Vinduer!$D$5:$D$300))>0))))))) | ... BE11: =IF($A11="","",IF(COUNTIFS(Måned!$A$5:$A$2000,$A11,Måned!$C$5:$C$2000,MONTH(BE$5+3))=0,"",MAX(1,MIN(5,SUMIFS(Måned!$H$5:$H$2000,Måned!$A$5:$A$2000,$A11,Måned!$C$5:$C$2000,MONTH(BE$5+3))+SUMPRODUCT((Vinduer!$A$5:$A$300=$A11)*Vinduer!$F$5:$F$300*(((Vinduer!$G$5:$G$300="")+(Vinduer!$G$5:$G$300=$B$2))>0)*((Vinduer!$C$5:$C$300<=Vinduer!$D$5:$D$300)*(BE$4>=Vinduer!$C$5:$C$300)*(BE$4<=Vinduer!$D$5:$D$300)+(Vinduer!$C$5:$C$300>Vinduer!$D$5:$D$300)*(((BE$4>=Vinduer!$C$5:$C$300)+(BE$4<=Vinduer!$D$5:$D$300))>0)))))))
A12: =IF(Destinasjoner!A8="","",Destinasjoner!A8) | B12: =IF(A12="","",Destinasjoner!E8) | C12: =IF(A12="","",Destinasjoner!B8) | D12: =IFERROR(SUMIFS(F12:BE12,$F$7:$BE$7,"x")/COUNTIFS($F$7:$BE$7,"x",F12:BE12,">0"),"") | E12: =IF(D12="","",_xlfn.MINIFS(F12:BE12,$F$7:$BE$7,"x",F12:BE12,">0")) | F12: =IF($A12="","",IF(COUNTIFS(Måned!$A$5:$A$2000,$A12,Måned!$C$5:$C$2000,MONTH(F$5+3))=0,"",MAX(1,MIN(5,SUMIFS(Måned!$H$5:$H$2000,Måned!$A$5:$A$2000,$A12,Måned!$C$5:$C$2000,MONTH(F$5+3))+SUMPRODUCT((Vinduer!$A$5:$A$300=$A12)*Vinduer!$F$5:$F$300*(((Vinduer!$G$5:$G$300="")+(Vinduer!$G$5:$G$300=$B$2))>0)*((Vinduer!$C$5:$C$300<=Vinduer!$D$5:$D$300)*(F$4>=Vinduer!$C$5:$C$300)*(F$4<=Vinduer!$D$5:$D$300)+(Vinduer!$C$5:$C$300>Vinduer!$D$5:$D$300)*(((F$4>=Vinduer!$C$5:$C$300)+(F$4<=Vinduer!$D$5:$D$300))>0))))))) | G12: =IF($A12="","",IF(COUNTIFS(Måned!$A$5:$A$2000,$A12,Måned!$C$5:$C$2000,MONTH(G$5+3))=0,"",MAX(1,MIN(5,SUMIFS(Måned!$H$5:$H$2000,Måned!$A$5:$A$2000,$A12,Måned!$C$5:$C$2000,MONTH(G$5+3))+SUMPRODUCT((Vinduer!$A$5:$A$300=$A12)*Vinduer!$F$5:$F$300*(((Vinduer!$G$5:$G$300="")+(Vinduer!$G$5:$G$300=$B$2))>0)*((Vinduer!$C$5:$C$300<=Vinduer!$D$5:$D$300)*(G$4>=Vinduer!$C$5:$C$300)*(G$4<=Vinduer!$D$5:$D$300)+(Vinduer!$C$5:$C$300>Vinduer!$D$5:$D$300)*(((G$4>=Vinduer!$C$5:$C$300)+(G$4<=Vinduer!$D$5:$D$300))>0))))))) | H12: =IF($A12="","",IF(COUNTIFS(Måned!$A$5:$A$2000,$A12,Måned!$C$5:$C$2000,MONTH(H$5+3))=0,"",MAX(1,MIN(5,SUMIFS(Måned!$H$5:$H$2000,Måned!$A$5:$A$2000,$A12,Måned!$C$5:$C$2000,MONTH(H$5+3))+SUMPRODUCT((Vinduer!$A$5:$A$300=$A12)*Vinduer!$F$5:$F$300*(((Vinduer!$G$5:$G$300="")+(Vinduer!$G$5:$G$300=$B$2))>0)*((Vinduer!$C$5:$C$300<=Vinduer!$D$5:$D$300)*(H$4>=Vinduer!$C$5:$C$300)*(H$4<=Vinduer!$D$5:$D$300)+(Vinduer!$C$5:$C$300>Vinduer!$D$5:$D$300)*(((H$4>=Vinduer!$C$5:$C$300)+(H$4<=Vinduer!$D$5:$D$300))>0))))))) | I12: =IF($A12="","",IF(COUNTIFS(Måned!$A$5:$A$2000,$A12,Måned!$C$5:$C$2000,MONTH(I$5+3))=0,"",MAX(1,MIN(5,SUMIFS(Måned!$H$5:$H$2000,Måned!$A$5:$A$2000,$A12,Måned!$C$5:$C$2000,MONTH(I$5+3))+SUMPRODUCT((Vinduer!$A$5:$A$300=$A12)*Vinduer!$F$5:$F$300*(((Vinduer!$G$5:$G$300="")+(Vinduer!$G$5:$G$300=$B$2))>0)*((Vinduer!$C$5:$C$300<=Vinduer!$D$5:$D$300)*(I$4>=Vinduer!$C$5:$C$300)*(I$4<=Vinduer!$D$5:$D$300)+(Vinduer!$C$5:$C$300>Vinduer!$D$5:$D$300)*(((I$4>=Vinduer!$C$5:$C$300)+(I$4<=Vinduer!$D$5:$D$300))>0))))))) | J12: =IF($A12="","",IF(COUNTIFS(Måned!$A$5:$A$2000,$A12,Måned!$C$5:$C$2000,MONTH(J$5+3))=0,"",MAX(1,MIN(5,SUMIFS(Måned!$H$5:$H$2000,Måned!$A$5:$A$2000,$A12,Måned!$C$5:$C$2000,MONTH(J$5+3))+SUMPRODUCT((Vinduer!$A$5:$A$300=$A12)*Vinduer!$F$5:$F$300*(((Vinduer!$G$5:$G$300="")+(Vinduer!$G$5:$G$300=$B$2))>0)*((Vinduer!$C$5:$C$300<=Vinduer!$D$5:$D$300)*(J$4>=Vinduer!$C$5:$C$300)*(J$4<=Vinduer!$D$5:$D$300)+(Vinduer!$C$5:$C$300>Vinduer!$D$5:$D$300)*(((J$4>=Vinduer!$C$5:$C$300)+(J$4<=Vinduer!$D$5:$D$300))>0))))))) | K12: =IF($A12="","",IF(COUNTIFS(Måned!$A$5:$A$2000,$A12,Måned!$C$5:$C$2000,MONTH(K$5+3))=0,"",MAX(1,MIN(5,SUMIFS(Måned!$H$5:$H$2000,Måned!$A$5:$A$2000,$A12,Måned!$C$5:$C$2000,MONTH(K$5+3))+SUMPRODUCT((Vinduer!$A$5:$A$300=$A12)*Vinduer!$F$5:$F$300*(((Vinduer!$G$5:$G$300="")+(Vinduer!$G$5:$G$300=$B$2))>0)*((Vinduer!$C$5:$C$300<=Vinduer!$D$5:$D$300)*(K$4>=Vinduer!$C$5:$C$300)*(K$4<=Vinduer!$D$5:$D$300)+(Vinduer!$C$5:$C$300>Vinduer!$D$5:$D$300)*(((K$4>=Vinduer!$C$5:$C$300)+(K$4<=Vinduer!$D$5:$D$300))>0))))))) | L12: =IF($A12="","",IF(COUNTIFS(Måned!$A$5:$A$2000,$A12,Måned!$C$5:$C$2000,MONTH(L$5+3))=0,"",MAX(1,MIN(5,SUMIFS(Måned!$H$5:$H$2000,Måned!$A$5:$A$2000,$A12,Måned!$C$5:$C$2000,MONTH(L$5+3))+SUMPRODUCT((Vinduer!$A$5:$A$300=$A12)*Vinduer!$F$5:$F$300*(((Vinduer!$G$5:$G$300="")+(Vinduer!$G$5:$G$300=$B$2))>0)*((Vinduer!$C$5:$C$300<=Vinduer!$D$5:$D$300)*(L$4>=Vinduer!$C$5:$C$300)*(L$4<=Vinduer!$D$5:$D$300)+(Vinduer!$C$5:$C$300>Vinduer!$D$5:$D$300)*(((L$4>=Vinduer!$C$5:$C$300)+(L$4<=Vinduer!$D$5:$D$300))>0))))))) | M12: =IF($A12="","",IF(COUNTIFS(Måned!$A$5:$A$2000,$A12,Måned!$C$5:$C$2000,MONTH(M$5+3))=0,"",MAX(1,MIN(5,SUMIFS(Måned!$H$5:$H$2000,Måned!$A$5:$A$2000,$A12,Måned!$C$5:$C$2000,MONTH(M$5+3))+SUMPRODUCT((Vinduer!$A$5:$A$300=$A12)*Vinduer!$F$5:$F$300*(((Vinduer!$G$5:$G$300="")+(Vinduer!$G$5:$G$300=$B$2))>0)*((Vinduer!$C$5:$C$300<=Vinduer!$D$5:$D$300)*(M$4>=Vinduer!$C$5:$C$300)*(M$4<=Vinduer!$D$5:$D$300)+(Vinduer!$C$5:$C$300>Vinduer!$D$5:$D$300)*(((M$4>=Vinduer!$C$5:$C$300)+(M$4<=Vinduer!$D$5:$D$300))>0))))))) | ... BE12: =IF($A12="","",IF(COUNTIFS(Måned!$A$5:$A$2000,$A12,Måned!$C$5:$C$2000,MONTH(BE$5+3))=0,"",MAX(1,MIN(5,SUMIFS(Måned!$H$5:$H$2000,Måned!$A$5:$A$2000,$A12,Måned!$C$5:$C$2000,MONTH(BE$5+3))+SUMPRODUCT((Vinduer!$A$5:$A$300=$A12)*Vinduer!$F$5:$F$300*(((Vinduer!$G$5:$G$300="")+(Vinduer!$G$5:$G$300=$B$2))>0)*((Vinduer!$C$5:$C$300<=Vinduer!$D$5:$D$300)*(BE$4>=Vinduer!$C$5:$C$300)*(BE$4<=Vinduer!$D$5:$D$300)+(Vinduer!$C$5:$C$300>Vinduer!$D$5:$D$300)*(((BE$4>=Vinduer!$C$5:$C$300)+(BE$4<=Vinduer!$D$5:$D$300))>0)))))))
A13: =IF(Destinasjoner!A9="","",Destinasjoner!A9) | B13: =IF(A13="","",Destinasjoner!E9) | C13: =IF(A13="","",Destinasjoner!B9) | D13: =IFERROR(SUMIFS(F13:BE13,$F$7:$BE$7,"x")/COUNTIFS($F$7:$BE$7,"x",F13:BE13,">0"),"") | E13: =IF(D13="","",_xlfn.MINIFS(F13:BE13,$F$7:$BE$7,"x",F13:BE13,">0")) | F13: =IF($A13="","",IF(COUNTIFS(Måned!$A$5:$A$2000,$A13,Måned!$C$5:$C$2000,MONTH(F$5+3))=0,"",MAX(1,MIN(5,SUMIFS(Måned!$H$5:$H$2000,Måned!$A$5:$A$2000,$A13,Måned!$C$5:$C$2000,MONTH(F$5+3))+SUMPRODUCT((Vinduer!$A$5:$A$300=$A13)*Vinduer!$F$5:$F$300*(((Vinduer!$G$5:$G$300="")+(Vinduer!$G$5:$G$300=$B$2))>0)*((Vinduer!$C$5:$C$300<=Vinduer!$D$5:$D$300)*(F$4>=Vinduer!$C$5:$C$300)*(F$4<=Vinduer!$D$5:$D$300)+(Vinduer!$C$5:$C$300>Vinduer!$D$5:$D$300)*(((F$4>=Vinduer!$C$5:$C$300)+(F$4<=Vinduer!$D$5:$D$300))>0))))))) | G13: =IF($A13="","",IF(COUNTIFS(Måned!$A$5:$A$2000,$A13,Måned!$C$5:$C$2000,MONTH(G$5+3))=0,"",MAX(1,MIN(5,SUMIFS(Måned!$H$5:$H$2000,Måned!$A$5:$A$2000,$A13,Måned!$C$5:$C$2000,MONTH(G$5+3))+SUMPRODUCT((Vinduer!$A$5:$A$300=$A13)*Vinduer!$F$5:$F$300*(((Vinduer!$G$5:$G$300="")+(Vinduer!$G$5:$G$300=$B$2))>0)*((Vinduer!$C$5:$C$300<=Vinduer!$D$5:$D$300)*(G$4>=Vinduer!$C$5:$C$300)*(G$4<=Vinduer!$D$5:$D$300)+(Vinduer!$C$5:$C$300>Vinduer!$D$5:$D$300)*(((G$4>=Vinduer!$C$5:$C$300)+(G$4<=Vinduer!$D$5:$D$300))>0))))))) | H13: =IF($A13="","",IF(COUNTIFS(Måned!$A$5:$A$2000,$A13,Måned!$C$5:$C$2000,MONTH(H$5+3))=0,"",MAX(1,MIN(5,SUMIFS(Måned!$H$5:$H$2000,Måned!$A$5:$A$2000,$A13,Måned!$C$5:$C$2000,MONTH(H$5+3))+SUMPRODUCT((Vinduer!$A$5:$A$300=$A13)*Vinduer!$F$5:$F$300*(((Vinduer!$G$5:$G$300="")+(Vinduer!$G$5:$G$300=$B$2))>0)*((Vinduer!$C$5:$C$300<=Vinduer!$D$5:$D$300)*(H$4>=Vinduer!$C$5:$C$300)*(H$4<=Vinduer!$D$5:$D$300)+(Vinduer!$C$5:$C$300>Vinduer!$D$5:$D$300)*(((H$4>=Vinduer!$C$5:$C$300)+(H$4<=Vinduer!$D$5:$D$300))>0))))))) | I13: =IF($A13="","",IF(COUNTIFS(Måned!$A$5:$A$2000,$A13,Måned!$C$5:$C$2000,MONTH(I$5+3))=0,"",MAX(1,MIN(5,SUMIFS(Måned!$H$5:$H$2000,Måned!$A$5:$A$2000,$A13,Måned!$C$5:$C$2000,MONTH(I$5+3))+SUMPRODUCT((Vinduer!$A$5:$A$300=$A13)*Vinduer!$F$5:$F$300*(((Vinduer!$G$5:$G$300="")+(Vinduer!$G$5:$G$300=$B$2))>0)*((Vinduer!$C$5:$C$300<=Vinduer!$D$5:$D$300)*(I$4>=Vinduer!$C$5:$C$300)*(I$4<=Vinduer!$D$5:$D$300)+(Vinduer!$C$5:$C$300>Vinduer!$D$5:$D$300)*(((I$4>=Vinduer!$C$5:$C$300)+(I$4<=Vinduer!$D$5:$D$300))>0))))))) | J13: =IF($A13="","",IF(COUNTIFS(Måned!$A$5:$A$2000,$A13,Måned!$C$5:$C$2000,MONTH(J$5+3))=0,"",MAX(1,MIN(5,SUMIFS(Måned!$H$5:$H$2000,Måned!$A$5:$A$2000,$A13,Måned!$C$5:$C$2000,MONTH(J$5+3))+SUMPRODUCT((Vinduer!$A$5:$A$300=$A13)*Vinduer!$F$5:$F$300*(((Vinduer!$G$5:$G$300="")+(Vinduer!$G$5:$G$300=$B$2))>0)*((Vinduer!$C$5:$C$300<=Vinduer!$D$5:$D$300)*(J$4>=Vinduer!$C$5:$C$300)*(J$4<=Vinduer!$D$5:$D$300)+(Vinduer!$C$5:$C$300>Vinduer!$D$5:$D$300)*(((J$4>=Vinduer!$C$5:$C$300)+(J$4<=Vinduer!$D$5:$D$300))>0))))))) | K13: =IF($A13="","",IF(COUNTIFS(Måned!$A$5:$A$2000,$A13,Måned!$C$5:$C$2000,MONTH(K$5+3))=0,"",MAX(1,MIN(5,SUMIFS(Måned!$H$5:$H$2000,Måned!$A$5:$A$2000,$A13,Måned!$C$5:$C$2000,MONTH(K$5+3))+SUMPRODUCT((Vinduer!$A$5:$A$300=$A13)*Vinduer!$F$5:$F$300*(((Vinduer!$G$5:$G$300="")+(Vinduer!$G$5:$G$300=$B$2))>0)*((Vinduer!$C$5:$C$300<=Vinduer!$D$5:$D$300)*(K$4>=Vinduer!$C$5:$C$300)*(K$4<=Vinduer!$D$5:$D$300)+(Vinduer!$C$5:$C$300>Vinduer!$D$5:$D$300)*(((K$4>=Vinduer!$C$5:$C$300)+(K$4<=Vinduer!$D$5:$D$300))>0))))))) | L13: =IF($A13="","",IF(COUNTIFS(Måned!$A$5:$A$2000,$A13,Måned!$C$5:$C$2000,MONTH(L$5+3))=0,"",MAX(1,MIN(5,SUMIFS(Måned!$H$5:$H$2000,Måned!$A$5:$A$2000,$A13,Måned!$C$5:$C$2000,MONTH(L$5+3))+SUMPRODUCT((Vinduer!$A$5:$A$300=$A13)*Vinduer!$F$5:$F$300*(((Vinduer!$G$5:$G$300="")+(Vinduer!$G$5:$G$300=$B$2))>0)*((Vinduer!$C$5:$C$300<=Vinduer!$D$5:$D$300)*(L$4>=Vinduer!$C$5:$C$300)*(L$4<=Vinduer!$D$5:$D$300)+(Vinduer!$C$5:$C$300>Vinduer!$D$5:$D$300)*(((L$4>=Vinduer!$C$5:$C$300)+(L$4<=Vinduer!$D$5:$D$300))>0))))))) | M13: =IF($A13="","",IF(COUNTIFS(Måned!$A$5:$A$2000,$A13,Måned!$C$5:$C$2000,MONTH(M$5+3))=0,"",MAX(1,MIN(5,SUMIFS(Måned!$H$5:$H$2000,Måned!$A$5:$A$2000,$A13,Måned!$C$5:$C$2000,MONTH(M$5+3))+SUMPRODUCT((Vinduer!$A$5:$A$300=$A13)*Vinduer!$F$5:$F$300*(((Vinduer!$G$5:$G$300="")+(Vinduer!$G$5:$G$300=$B$2))>0)*((Vinduer!$C$5:$C$300<=Vinduer!$D$5:$D$300)*(M$4>=Vinduer!$C$5:$C$300)*(M$4<=Vinduer!$D$5:$D$300)+(Vinduer!$C$5:$C$300>Vinduer!$D$5:$D$300)*(((M$4>=Vinduer!$C$5:$C$300)+(M$4<=Vinduer!$D$5:$D$300))>0))))))) | ... BE13: =IF($A13="","",IF(COUNTIFS(Måned!$A$5:$A$2000,$A13,Måned!$C$5:$C$2000,MONTH(BE$5+3))=0,"",MAX(1,MIN(5,SUMIFS(Måned!$H$5:$H$2000,Måned!$A$5:$A$2000,$A13,Måned!$C$5:$C$2000,MONTH(BE$5+3))+SUMPRODUCT((Vinduer!$A$5:$A$300=$A13)*Vinduer!$F$5:$F$300*(((Vinduer!$G$5:$G$300="")+(Vinduer!$G$5:$G$300=$B$2))>0)*((Vinduer!$C$5:$C$300<=Vinduer!$D$5:$D$300)*(BE$4>=Vinduer!$C$5:$C$300)*(BE$4<=Vinduer!$D$5:$D$300)+(Vinduer!$C$5:$C$300>Vinduer!$D$5:$D$300)*(((BE$4>=Vinduer!$C$5:$C$300)+(BE$4<=Vinduer!$D$5:$D$300))>0)))))))
A14: =IF(Destinasjoner!A10="","",Destinasjoner!A10) | B14: =IF(A14="","",Destinasjoner!E10) | C14: =IF(A14="","",Destinasjoner!B10) | D14: =IFERROR(SUMIFS(F14:BE14,$F$7:$BE$7,"x")/COUNTIFS($F$7:$BE$7,"x",F14:BE14,">0"),"") | E14: =IF(D14="","",_xlfn.MINIFS(F14:BE14,$F$7:$BE$7,"x",F14:BE14,">0")) | F14: =IF($A14="","",IF(COUNTIFS(Måned!$A$5:$A$2000,$A14,Måned!$C$5:$C$2000,MONTH(F$5+3))=0,"",MAX(1,MIN(5,SUMIFS(Måned!$H$5:$H$2000,Måned!$A$5:$A$2000,$A14,Måned!$C$5:$C$2000,MONTH(F$5+3))+SUMPRODUCT((Vinduer!$A$5:$A$300=$A14)*Vinduer!$F$5:$F$300*(((Vinduer!$G$5:$G$300="")+(Vinduer!$G$5:$G$300=$B$2))>0)*((Vinduer!$C$5:$C$300<=Vinduer!$D$5:$D$300)*(F$4>=Vinduer!$C$5:$C$300)*(F$4<=Vinduer!$D$5:$D$300)+(Vinduer!$C$5:$C$300>Vinduer!$D$5:$D$300)*(((F$4>=Vinduer!$C$5:$C$300)+(F$4<=Vinduer!$D$5:$D$300))>0))))))) | G14: =IF($A14="","",IF(COUNTIFS(Måned!$A$5:$A$2000,$A14,Måned!$C$5:$C$2000,MONTH(G$5+3))=0,"",MAX(1,MIN(5,SUMIFS(Måned!$H$5:$H$2000,Måned!$A$5:$A$2000,$A14,Måned!$C$5:$C$2000,MONTH(G$5+3))+SUMPRODUCT((Vinduer!$A$5:$A$300=$A14)*Vinduer!$F$5:$F$300*(((Vinduer!$G$5:$G$300="")+(Vinduer!$G$5:$G$300=$B$2))>0)*((Vinduer!$C$5:$C$300<=Vinduer!$D$5:$D$300)*(G$4>=Vinduer!$C$5:$C$300)*(G$4<=Vinduer!$D$5:$D$300)+(Vinduer!$C$5:$C$300>Vinduer!$D$5:$D$300)*(((G$4>=Vinduer!$C$5:$C$300)+(G$4<=Vinduer!$D$5:$D$300))>0))))))) | H14: =IF($A14="","",IF(COUNTIFS(Måned!$A$5:$A$2000,$A14,Måned!$C$5:$C$2000,MONTH(H$5+3))=0,"",MAX(1,MIN(5,SUMIFS(Måned!$H$5:$H$2000,Måned!$A$5:$A$2000,$A14,Måned!$C$5:$C$2000,MONTH(H$5+3))+SUMPRODUCT((Vinduer!$A$5:$A$300=$A14)*Vinduer!$F$5:$F$300*(((Vinduer!$G$5:$G$300="")+(Vinduer!$G$5:$G$300=$B$2))>0)*((Vinduer!$C$5:$C$300<=Vinduer!$D$5:$D$300)*(H$4>=Vinduer!$C$5:$C$300)*(H$4<=Vinduer!$D$5:$D$300)+(Vinduer!$C$5:$C$300>Vinduer!$D$5:$D$300)*(((H$4>=Vinduer!$C$5:$C$300)+(H$4<=Vinduer!$D$5:$D$300))>0))))))) | I14: =IF($A14="","",IF(COUNTIFS(Måned!$A$5:$A$2000,$A14,Måned!$C$5:$C$2000,MONTH(I$5+3))=0,"",MAX(1,MIN(5,SUMIFS(Måned!$H$5:$H$2000,Måned!$A$5:$A$2000,$A14,Måned!$C$5:$C$2000,MONTH(I$5+3))+SUMPRODUCT((Vinduer!$A$5:$A$300=$A14)*Vinduer!$F$5:$F$300*(((Vinduer!$G$5:$G$300="")+(Vinduer!$G$5:$G$300=$B$2))>0)*((Vinduer!$C$5:$C$300<=Vinduer!$D$5:$D$300)*(I$4>=Vinduer!$C$5:$C$300)*(I$4<=Vinduer!$D$5:$D$300)+(Vinduer!$C$5:$C$300>Vinduer!$D$5:$D$300)*(((I$4>=Vinduer!$C$5:$C$300)+(I$4<=Vinduer!$D$5:$D$300))>0))))))) | J14: =IF($A14="","",IF(COUNTIFS(Måned!$A$5:$A$2000,$A14,Måned!$C$5:$C$2000,MONTH(J$5+3))=0,"",MAX(1,MIN(5,SUMIFS(Måned!$H$5:$H$2000,Måned!$A$5:$A$2000,$A14,Måned!$C$5:$C$2000,MONTH(J$5+3))+SUMPRODUCT((Vinduer!$A$5:$A$300=$A14)*Vinduer!$F$5:$F$300*(((Vinduer!$G$5:$G$300="")+(Vinduer!$G$5:$G$300=$B$2))>0)*((Vinduer!$C$5:$C$300<=Vinduer!$D$5:$D$300)*(J$4>=Vinduer!$C$5:$C$300)*(J$4<=Vinduer!$D$5:$D$300)+(Vinduer!$C$5:$C$300>Vinduer!$D$5:$D$300)*(((J$4>=Vinduer!$C$5:$C$300)+(J$4<=Vinduer!$D$5:$D$300))>0))))))) | K14: =IF($A14="","",IF(COUNTIFS(Måned!$A$5:$A$2000,$A14,Måned!$C$5:$C$2000,MONTH(K$5+3))=0,"",MAX(1,MIN(5,SUMIFS(Måned!$H$5:$H$2000,Måned!$A$5:$A$2000,$A14,Måned!$C$5:$C$2000,MONTH(K$5+3))+SUMPRODUCT((Vinduer!$A$5:$A$300=$A14)*Vinduer!$F$5:$F$300*(((Vinduer!$G$5:$G$300="")+(Vinduer!$G$5:$G$300=$B$2))>0)*((Vinduer!$C$5:$C$300<=Vinduer!$D$5:$D$300)*(K$4>=Vinduer!$C$5:$C$300)*(K$4<=Vinduer!$D$5:$D$300)+(Vinduer!$C$5:$C$300>Vinduer!$D$5:$D$300)*(((K$4>=Vinduer!$C$5:$C$300)+(K$4<=Vinduer!$D$5:$D$300))>0))))))) | L14: =IF($A14="","",IF(COUNTIFS(Måned!$A$5:$A$2000,$A14,Måned!$C$5:$C$2000,MONTH(L$5+3))=0,"",MAX(1,MIN(5,SUMIFS(Måned!$H$5:$H$2000,Måned!$A$5:$A$2000,$A14,Måned!$C$5:$C$2000,MONTH(L$5+3))+SUMPRODUCT((Vinduer!$A$5:$A$300=$A14)*Vinduer!$F$5:$F$300*(((Vinduer!$G$5:$G$300="")+(Vinduer!$G$5:$G$300=$B$2))>0)*((Vinduer!$C$5:$C$300<=Vinduer!$D$5:$D$300)*(L$4>=Vinduer!$C$5:$C$300)*(L$4<=Vinduer!$D$5:$D$300)+(Vinduer!$C$5:$C$300>Vinduer!$D$5:$D$300)*(((L$4>=Vinduer!$C$5:$C$300)+(L$4<=Vinduer!$D$5:$D$300))>0))))))) | M14: =IF($A14="","",IF(COUNTIFS(Måned!$A$5:$A$2000,$A14,Måned!$C$5:$C$2000,MONTH(M$5+3))=0,"",MAX(1,MIN(5,SUMIFS(Måned!$H$5:$H$2000,Måned!$A$5:$A$2000,$A14,Måned!$C$5:$C$2000,MONTH(M$5+3))+SUMPRODUCT((Vinduer!$A$5:$A$300=$A14)*Vinduer!$F$5:$F$300*(((Vinduer!$G$5:$G$300="")+(Vinduer!$G$5:$G$300=$B$2))>0)*((Vinduer!$C$5:$C$300<=Vinduer!$D$5:$D$300)*(M$4>=Vinduer!$C$5:$C$300)*(M$4<=Vinduer!$D$5:$D$300)+(Vinduer!$C$5:$C$300>Vinduer!$D$5:$D$300)*(((M$4>=Vinduer!$C$5:$C$300)+(M$4<=Vinduer!$D$5:$D$300))>0))))))) | ... BE14: =IF($A14="","",IF(COUNTIFS(Måned!$A$5:$A$2000,$A14,Måned!$C$5:$C$2000,MONTH(BE$5+3))=0,"",MAX(1,MIN(5,SUMIFS(Måned!$H$5:$H$2000,Måned!$A$5:$A$2000,$A14,Måned!$C$5:$C$2000,MONTH(BE$5+3))+SUMPRODUCT((Vinduer!$A$5:$A$300=$A14)*Vinduer!$F$5:$F$300*(((Vinduer!$G$5:$G$300="")+(Vinduer!$G$5:$G$300=$B$2))>0)*((Vinduer!$C$5:$C$300<=Vinduer!$D$5:$D$300)*(BE$4>=Vinduer!$C$5:$C$300)*(BE$4<=Vinduer!$D$5:$D$300)+(Vinduer!$C$5:$C$300>Vinduer!$D$5:$D$300)*(((BE$4>=Vinduer!$C$5:$C$300)+(BE$4<=Vinduer!$D$5:$D$300))>0)))))))
A15: =IF(Destinasjoner!A11="","",Destinasjoner!A11) | B15: =IF(A15="","",Destinasjoner!E11) | C15: =IF(A15="","",Destinasjoner!B11) | D15: =IFERROR(SUMIFS(F15:BE15,$F$7:$BE$7,"x")/COUNTIFS($F$7:$BE$7,"x",F15:BE15,">0"),"") | E15: =IF(D15="","",_xlfn.MINIFS(F15:BE15,$F$7:$BE$7,"x",F15:BE15,">0")) | F15: =IF($A15="","",IF(COUNTIFS(Måned!$A$5:$A$2000,$A15,Måned!$C$5:$C$2000,MONTH(F$5+3))=0,"",MAX(1,MIN(5,SUMIFS(Måned!$H$5:$H$2000,Måned!$A$5:$A$2000,$A15,Måned!$C$5:$C$2000,MONTH(F$5+3))+SUMPRODUCT((Vinduer!$A$5:$A$300=$A15)*Vinduer!$F$5:$F$300*(((Vinduer!$G$5:$G$300="")+(Vinduer!$G$5:$G$300=$B$2))>0)*((Vinduer!$C$5:$C$300<=Vinduer!$D$5:$D$300)*(F$4>=Vinduer!$C$5:$C$300)*(F$4<=Vinduer!$D$5:$D$300)+(Vinduer!$C$5:$C$300>Vinduer!$D$5:$D$300)*(((F$4>=Vinduer!$C$5:$C$300)+(F$4<=Vinduer!$D$5:$D$300))>0))))))) | G15: =IF($A15="","",IF(COUNTIFS(Måned!$A$5:$A$2000,$A15,Måned!$C$5:$C$2000,MONTH(G$5+3))=0,"",MAX(1,MIN(5,SUMIFS(Måned!$H$5:$H$2000,Måned!$A$5:$A$2000,$A15,Måned!$C$5:$C$2000,MONTH(G$5+3))+SUMPRODUCT((Vinduer!$A$5:$A$300=$A15)*Vinduer!$F$5:$F$300*(((Vinduer!$G$5:$G$300="")+(Vinduer!$G$5:$G$300=$B$2))>0)*((Vinduer!$C$5:$C$300<=Vinduer!$D$5:$D$300)*(G$4>=Vinduer!$C$5:$C$300)*(G$4<=Vinduer!$D$5:$D$300)+(Vinduer!$C$5:$C$300>Vinduer!$D$5:$D$300)*(((G$4>=Vinduer!$C$5:$C$300)+(G$4<=Vinduer!$D$5:$D$300))>0))))))) | H15: =IF($A15="","",IF(COUNTIFS(Måned!$A$5:$A$2000,$A15,Måned!$C$5:$C$2000,MONTH(H$5+3))=0,"",MAX(1,MIN(5,SUMIFS(Måned!$H$5:$H$2000,Måned!$A$5:$A$2000,$A15,Måned!$C$5:$C$2000,MONTH(H$5+3))+SUMPRODUCT((Vinduer!$A$5:$A$300=$A15)*Vinduer!$F$5:$F$300*(((Vinduer!$G$5:$G$300="")+(Vinduer!$G$5:$G$300=$B$2))>0)*((Vinduer!$C$5:$C$300<=Vinduer!$D$5:$D$300)*(H$4>=Vinduer!$C$5:$C$300)*(H$4<=Vinduer!$D$5:$D$300)+(Vinduer!$C$5:$C$300>Vinduer!$D$5:$D$300)*(((H$4>=Vinduer!$C$5:$C$300)+(H$4<=Vinduer!$D$5:$D$300))>0))))))) | I15: =IF($A15="","",IF(COUNTIFS(Måned!$A$5:$A$2000,$A15,Måned!$C$5:$C$2000,MONTH(I$5+3))=0,"",MAX(1,MIN(5,SUMIFS(Måned!$H$5:$H$2000,Måned!$A$5:$A$2000,$A15,Måned!$C$5:$C$2000,MONTH(I$5+3))+SUMPRODUCT((Vinduer!$A$5:$A$300=$A15)*Vinduer!$F$5:$F$300*(((Vinduer!$G$5:$G$300="")+(Vinduer!$G$5:$G$300=$B$2))>0)*((Vinduer!$C$5:$C$300<=Vinduer!$D$5:$D$300)*(I$4>=Vinduer!$C$5:$C$300)*(I$4<=Vinduer!$D$5:$D$300)+(Vinduer!$C$5:$C$300>Vinduer!$D$5:$D$300)*(((I$4>=Vinduer!$C$5:$C$300)+(I$4<=Vinduer!$D$5:$D$300))>0))))))) | J15: =IF($A15="","",IF(COUNTIFS(Måned!$A$5:$A$2000,$A15,Måned!$C$5:$C$2000,MONTH(J$5+3))=0,"",MAX(1,MIN(5,SUMIFS(Måned!$H$5:$H$2000,Måned!$A$5:$A$2000,$A15,Måned!$C$5:$C$2000,MONTH(J$5+3))+SUMPRODUCT((Vinduer!$A$5:$A$300=$A15)*Vinduer!$F$5:$F$300*(((Vinduer!$G$5:$G$300="")+(Vinduer!$G$5:$G$300=$B$2))>0)*((Vinduer!$C$5:$C$300<=Vinduer!$D$5:$D$300)*(J$4>=Vinduer!$C$5:$C$300)*(J$4<=Vinduer!$D$5:$D$300)+(Vinduer!$C$5:$C$300>Vinduer!$D$5:$D$300)*(((J$4>=Vinduer!$C$5:$C$300)+(J$4<=Vinduer!$D$5:$D$300))>0))))))) | K15: =IF($A15="","",IF(COUNTIFS(Måned!$A$5:$A$2000,$A15,Måned!$C$5:$C$2000,MONTH(K$5+3))=0,"",MAX(1,MIN(5,SUMIFS(Måned!$H$5:$H$2000,Måned!$A$5:$A$2000,$A15,Måned!$C$5:$C$2000,MONTH(K$5+3))+SUMPRODUCT((Vinduer!$A$5:$A$300=$A15)*Vinduer!$F$5:$F$300*(((Vinduer!$G$5:$G$300="")+(Vinduer!$G$5:$G$300=$B$2))>0)*((Vinduer!$C$5:$C$300<=Vinduer!$D$5:$D$300)*(K$4>=Vinduer!$C$5:$C$300)*(K$4<=Vinduer!$D$5:$D$300)+(Vinduer!$C$5:$C$300>Vinduer!$D$5:$D$300)*(((K$4>=Vinduer!$C$5:$C$300)+(K$4<=Vinduer!$D$5:$D$300))>0))))))) | L15: =IF($A15="","",IF(COUNTIFS(Måned!$A$5:$A$2000,$A15,Måned!$C$5:$C$2000,MONTH(L$5+3))=0,"",MAX(1,MIN(5,SUMIFS(Måned!$H$5:$H$2000,Måned!$A$5:$A$2000,$A15,Måned!$C$5:$C$2000,MONTH(L$5+3))+SUMPRODUCT((Vinduer!$A$5:$A$300=$A15)*Vinduer!$F$5:$F$300*(((Vinduer!$G$5:$G$300="")+(Vinduer!$G$5:$G$300=$B$2))>0)*((Vinduer!$C$5:$C$300<=Vinduer!$D$5:$D$300)*(L$4>=Vinduer!$C$5:$C$300)*(L$4<=Vinduer!$D$5:$D$300)+(Vinduer!$C$5:$C$300>Vinduer!$D$5:$D$300)*(((L$4>=Vinduer!$C$5:$C$300)+(L$4<=Vinduer!$D$5:$D$300))>0))))))) | M15: =IF($A15="","",IF(COUNTIFS(Måned!$A$5:$A$2000,$A15,Måned!$C$5:$C$2000,MONTH(M$5+3))=0,"",MAX(1,MIN(5,SUMIFS(Måned!$H$5:$H$2000,Måned!$A$5:$A$2000,$A15,Måned!$C$5:$C$2000,MONTH(M$5+3))+SUMPRODUCT((Vinduer!$A$5:$A$300=$A15)*Vinduer!$F$5:$F$300*(((Vinduer!$G$5:$G$300="")+(Vinduer!$G$5:$G$300=$B$2))>0)*((Vinduer!$C$5:$C$300<=Vinduer!$D$5:$D$300)*(M$4>=Vinduer!$C$5:$C$300)*(M$4<=Vinduer!$D$5:$D$300)+(Vinduer!$C$5:$C$300>Vinduer!$D$5:$D$300)*(((M$4>=Vinduer!$C$5:$C$300)+(M$4<=Vinduer!$D$5:$D$300))>0))))))) | ... BE15: =IF($A15="","",IF(COUNTIFS(Måned!$A$5:$A$2000,$A15,Måned!$C$5:$C$2000,MONTH(BE$5+3))=0,"",MAX(1,MIN(5,SUMIFS(Måned!$H$5:$H$2000,Måned!$A$5:$A$2000,$A15,Måned!$C$5:$C$2000,MONTH(BE$5+3))+SUMPRODUCT((Vinduer!$A$5:$A$300=$A15)*Vinduer!$F$5:$F$300*(((Vinduer!$G$5:$G$300="")+(Vinduer!$G$5:$G$300=$B$2))>0)*((Vinduer!$C$5:$C$300<=Vinduer!$D$5:$D$300)*(BE$4>=Vinduer!$C$5:$C$300)*(BE$4<=Vinduer!$D$5:$D$300)+(Vinduer!$C$5:$C$300>Vinduer!$D$5:$D$300)*(((BE$4>=Vinduer!$C$5:$C$300)+(BE$4<=Vinduer!$D$5:$D$300))>0)))))))
A16: =IF(Destinasjoner!A12="","",Destinasjoner!A12) | B16: =IF(A16="","",Destinasjoner!E12) | C16: =IF(A16="","",Destinasjoner!B12) | D16: =IFERROR(SUMIFS(F16:BE16,$F$7:$BE$7,"x")/COUNTIFS($F$7:$BE$7,"x",F16:BE16,">0"),"") | E16: =IF(D16="","",_xlfn.MINIFS(F16:BE16,$F$7:$BE$7,"x",F16:BE16,">0")) | F16: =IF($A16="","",IF(COUNTIFS(Måned!$A$5:$A$2000,$A16,Måned!$C$5:$C$2000,MONTH(F$5+3))=0,"",MAX(1,MIN(5,SUMIFS(Måned!$H$5:$H$2000,Måned!$A$5:$A$2000,$A16,Måned!$C$5:$C$2000,MONTH(F$5+3))+SUMPRODUCT((Vinduer!$A$5:$A$300=$A16)*Vinduer!$F$5:$F$300*(((Vinduer!$G$5:$G$300="")+(Vinduer!$G$5:$G$300=$B$2))>0)*((Vinduer!$C$5:$C$300<=Vinduer!$D$5:$D$300)*(F$4>=Vinduer!$C$5:$C$300)*(F$4<=Vinduer!$D$5:$D$300)+(Vinduer!$C$5:$C$300>Vinduer!$D$5:$D$300)*(((F$4>=Vinduer!$C$5:$C$300)+(F$4<=Vinduer!$D$5:$D$300))>0))))))) | G16: =IF($A16="","",IF(COUNTIFS(Måned!$A$5:$A$2000,$A16,Måned!$C$5:$C$2000,MONTH(G$5+3))=0,"",MAX(1,MIN(5,SUMIFS(Måned!$H$5:$H$2000,Måned!$A$5:$A$2000,$A16,Måned!$C$5:$C$2000,MONTH(G$5+3))+SUMPRODUCT((Vinduer!$A$5:$A$300=$A16)*Vinduer!$F$5:$F$300*(((Vinduer!$G$5:$G$300="")+(Vinduer!$G$5:$G$300=$B$2))>0)*((Vinduer!$C$5:$C$300<=Vinduer!$D$5:$D$300)*(G$4>=Vinduer!$C$5:$C$300)*(G$4<=Vinduer!$D$5:$D$300)+(Vinduer!$C$5:$C$300>Vinduer!$D$5:$D$300)*(((G$4>=Vinduer!$C$5:$C$300)+(G$4<=Vinduer!$D$5:$D$300))>0))))))) | H16: =IF($A16="","",IF(COUNTIFS(Måned!$A$5:$A$2000,$A16,Måned!$C$5:$C$2000,MONTH(H$5+3))=0,"",MAX(1,MIN(5,SUMIFS(Måned!$H$5:$H$2000,Måned!$A$5:$A$2000,$A16,Måned!$C$5:$C$2000,MONTH(H$5+3))+SUMPRODUCT((Vinduer!$A$5:$A$300=$A16)*Vinduer!$F$5:$F$300*(((Vinduer!$G$5:$G$300="")+(Vinduer!$G$5:$G$300=$B$2))>0)*((Vinduer!$C$5:$C$300<=Vinduer!$D$5:$D$300)*(H$4>=Vinduer!$C$5:$C$300)*(H$4<=Vinduer!$D$5:$D$300)+(Vinduer!$C$5:$C$300>Vinduer!$D$5:$D$300)*(((H$4>=Vinduer!$C$5:$C$300)+(H$4<=Vinduer!$D$5:$D$300))>0))))))) | I16: =IF($A16="","",IF(COUNTIFS(Måned!$A$5:$A$2000,$A16,Måned!$C$5:$C$2000,MONTH(I$5+3))=0,"",MAX(1,MIN(5,SUMIFS(Måned!$H$5:$H$2000,Måned!$A$5:$A$2000,$A16,Måned!$C$5:$C$2000,MONTH(I$5+3))+SUMPRODUCT((Vinduer!$A$5:$A$300=$A16)*Vinduer!$F$5:$F$300*(((Vinduer!$G$5:$G$300="")+(Vinduer!$G$5:$G$300=$B$2))>0)*((Vinduer!$C$5:$C$300<=Vinduer!$D$5:$D$300)*(I$4>=Vinduer!$C$5:$C$300)*(I$4<=Vinduer!$D$5:$D$300)+(Vinduer!$C$5:$C$300>Vinduer!$D$5:$D$300)*(((I$4>=Vinduer!$C$5:$C$300)+(I$4<=Vinduer!$D$5:$D$300))>0))))))) | J16: =IF($A16="","",IF(COUNTIFS(Måned!$A$5:$A$2000,$A16,Måned!$C$5:$C$2000,MONTH(J$5+3))=0,"",MAX(1,MIN(5,SUMIFS(Måned!$H$5:$H$2000,Måned!$A$5:$A$2000,$A16,Måned!$C$5:$C$2000,MONTH(J$5+3))+SUMPRODUCT((Vinduer!$A$5:$A$300=$A16)*Vinduer!$F$5:$F$300*(((Vinduer!$G$5:$G$300="")+(Vinduer!$G$5:$G$300=$B$2))>0)*((Vinduer!$C$5:$C$300<=Vinduer!$D$5:$D$300)*(J$4>=Vinduer!$C$5:$C$300)*(J$4<=Vinduer!$D$5:$D$300)+(Vinduer!$C$5:$C$300>Vinduer!$D$5:$D$300)*(((J$4>=Vinduer!$C$5:$C$300)+(J$4<=Vinduer!$D$5:$D$300))>0))))))) | K16: =IF($A16="","",IF(COUNTIFS(Måned!$A$5:$A$2000,$A16,Måned!$C$5:$C$2000,MONTH(K$5+3))=0,"",MAX(1,MIN(5,SUMIFS(Måned!$H$5:$H$2000,Måned!$A$5:$A$2000,$A16,Måned!$C$5:$C$2000,MONTH(K$5+3))+SUMPRODUCT((Vinduer!$A$5:$A$300=$A16)*Vinduer!$F$5:$F$300*(((Vinduer!$G$5:$G$300="")+(Vinduer!$G$5:$G$300=$B$2))>0)*((Vinduer!$C$5:$C$300<=Vinduer!$D$5:$D$300)*(K$4>=Vinduer!$C$5:$C$300)*(K$4<=Vinduer!$D$5:$D$300)+(Vinduer!$C$5:$C$300>Vinduer!$D$5:$D$300)*(((K$4>=Vinduer!$C$5:$C$300)+(K$4<=Vinduer!$D$5:$D$300))>0))))))) | L16: =IF($A16="","",IF(COUNTIFS(Måned!$A$5:$A$2000,$A16,Måned!$C$5:$C$2000,MONTH(L$5+3))=0,"",MAX(1,MIN(5,SUMIFS(Måned!$H$5:$H$2000,Måned!$A$5:$A$2000,$A16,Måned!$C$5:$C$2000,MONTH(L$5+3))+SUMPRODUCT((Vinduer!$A$5:$A$300=$A16)*Vinduer!$F$5:$F$300*(((Vinduer!$G$5:$G$300="")+(Vinduer!$G$5:$G$300=$B$2))>0)*((Vinduer!$C$5:$C$300<=Vinduer!$D$5:$D$300)*(L$4>=Vinduer!$C$5:$C$300)*(L$4<=Vinduer!$D$5:$D$300)+(Vinduer!$C$5:$C$300>Vinduer!$D$5:$D$300)*(((L$4>=Vinduer!$C$5:$C$300)+(L$4<=Vinduer!$D$5:$D$300))>0))))))) | M16: =IF($A16="","",IF(COUNTIFS(Måned!$A$5:$A$2000,$A16,Måned!$C$5:$C$2000,MONTH(M$5+3))=0,"",MAX(1,MIN(5,SUMIFS(Måned!$H$5:$H$2000,Måned!$A$5:$A$2000,$A16,Måned!$C$5:$C$2000,MONTH(M$5+3))+SUMPRODUCT((Vinduer!$A$5:$A$300=$A16)*Vinduer!$F$5:$F$300*(((Vinduer!$G$5:$G$300="")+(Vinduer!$G$5:$G$300=$B$2))>0)*((Vinduer!$C$5:$C$300<=Vinduer!$D$5:$D$300)*(M$4>=Vinduer!$C$5:$C$300)*(M$4<=Vinduer!$D$5:$D$300)+(Vinduer!$C$5:$C$300>Vinduer!$D$5:$D$300)*(((M$4>=Vinduer!$C$5:$C$300)+(M$4<=Vinduer!$D$5:$D$300))>0))))))) | ... BE16: =IF($A16="","",IF(COUNTIFS(Måned!$A$5:$A$2000,$A16,Måned!$C$5:$C$2000,MONTH(BE$5+3))=0,"",MAX(1,MIN(5,SUMIFS(Måned!$H$5:$H$2000,Måned!$A$5:$A$2000,$A16,Måned!$C$5:$C$2000,MONTH(BE$5+3))+SUMPRODUCT((Vinduer!$A$5:$A$300=$A16)*Vinduer!$F$5:$F$300*(((Vinduer!$G$5:$G$300="")+(Vinduer!$G$5:$G$300=$B$2))>0)*((Vinduer!$C$5:$C$300<=Vinduer!$D$5:$D$300)*(BE$4>=Vinduer!$C$5:$C$300)*(BE$4<=Vinduer!$D$5:$D$300)+(Vinduer!$C$5:$C$300>Vinduer!$D$5:$D$300)*(((BE$4>=Vinduer!$C$5:$C$300)+(BE$4<=Vinduer!$D$5:$D$300))>0)))))))
A17: =IF(Destinasjoner!A13="","",Destinasjoner!A13) | B17: =IF(A17="","",Destinasjoner!E13) | C17: =IF(A17="","",Destinasjoner!B13) | D17: =IFERROR(SUMIFS(F17:BE17,$F$7:$BE$7,"x")/COUNTIFS($F$7:$BE$7,"x",F17:BE17,">0"),"") | E17: =IF(D17="","",_xlfn.MINIFS(F17:BE17,$F$7:$BE$7,"x",F17:BE17,">0")) | F17: =IF($A17="","",IF(COUNTIFS(Måned!$A$5:$A$2000,$A17,Måned!$C$5:$C$2000,MONTH(F$5+3))=0,"",MAX(1,MIN(5,SUMIFS(Måned!$H$5:$H$2000,Måned!$A$5:$A$2000,$A17,Måned!$C$5:$C$2000,MONTH(F$5+3))+SUMPRODUCT((Vinduer!$A$5:$A$300=$A17)*Vinduer!$F$5:$F$300*(((Vinduer!$G$5:$G$300="")+(Vinduer!$G$5:$G$300=$B$2))>0)*((Vinduer!$C$5:$C$300<=Vinduer!$D$5:$D$300)*(F$4>=Vinduer!$C$5:$C$300)*(F$4<=Vinduer!$D$5:$D$300)+(Vinduer!$C$5:$C$300>Vinduer!$D$5:$D$300)*(((F$4>=Vinduer!$C$5:$C$300)+(F$4<=Vinduer!$D$5:$D$300))>0))))))) | G17: =IF($A17="","",IF(COUNTIFS(Måned!$A$5:$A$2000,$A17,Måned!$C$5:$C$2000,MONTH(G$5+3))=0,"",MAX(1,MIN(5,SUMIFS(Måned!$H$5:$H$2000,Måned!$A$5:$A$2000,$A17,Måned!$C$5:$C$2000,MONTH(G$5+3))+SUMPRODUCT((Vinduer!$A$5:$A$300=$A17)*Vinduer!$F$5:$F$300*(((Vinduer!$G$5:$G$300="")+(Vinduer!$G$5:$G$300=$B$2))>0)*((Vinduer!$C$5:$C$300<=Vinduer!$D$5:$D$300)*(G$4>=Vinduer!$C$5:$C$300)*(G$4<=Vinduer!$D$5:$D$300)+(Vinduer!$C$5:$C$300>Vinduer!$D$5:$D$300)*(((G$4>=Vinduer!$C$5:$C$300)+(G$4<=Vinduer!$D$5:$D$300))>0))))))) | H17: =IF($A17="","",IF(COUNTIFS(Måned!$A$5:$A$2000,$A17,Måned!$C$5:$C$2000,MONTH(H$5+3))=0,"",MAX(1,MIN(5,SUMIFS(Måned!$H$5:$H$2000,Måned!$A$5:$A$2000,$A17,Måned!$C$5:$C$2000,MONTH(H$5+3))+SUMPRODUCT((Vinduer!$A$5:$A$300=$A17)*Vinduer!$F$5:$F$300*(((Vinduer!$G$5:$G$300="")+(Vinduer!$G$5:$G$300=$B$2))>0)*((Vinduer!$C$5:$C$300<=Vinduer!$D$5:$D$300)*(H$4>=Vinduer!$C$5:$C$300)*(H$4<=Vinduer!$D$5:$D$300)+(Vinduer!$C$5:$C$300>Vinduer!$D$5:$D$300)*(((H$4>=Vinduer!$C$5:$C$300)+(H$4<=Vinduer!$D$5:$D$300))>0))))))) | I17: =IF($A17="","",IF(COUNTIFS(Måned!$A$5:$A$2000,$A17,Måned!$C$5:$C$2000,MONTH(I$5+3))=0,"",MAX(1,MIN(5,SUMIFS(Måned!$H$5:$H$2000,Måned!$A$5:$A$2000,$A17,Måned!$C$5:$C$2000,MONTH(I$5+3))+SUMPRODUCT((Vinduer!$A$5:$A$300=$A17)*Vinduer!$F$5:$F$300*(((Vinduer!$G$5:$G$300="")+(Vinduer!$G$5:$G$300=$B$2))>0)*((Vinduer!$C$5:$C$300<=Vinduer!$D$5:$D$300)*(I$4>=Vinduer!$C$5:$C$300)*(I$4<=Vinduer!$D$5:$D$300)+(Vinduer!$C$5:$C$300>Vinduer!$D$5:$D$300)*(((I$4>=Vinduer!$C$5:$C$300)+(I$4<=Vinduer!$D$5:$D$300))>0))))))) | J17: =IF($A17="","",IF(COUNTIFS(Måned!$A$5:$A$2000,$A17,Måned!$C$5:$C$2000,MONTH(J$5+3))=0,"",MAX(1,MIN(5,SUMIFS(Måned!$H$5:$H$2000,Måned!$A$5:$A$2000,$A17,Måned!$C$5:$C$2000,MONTH(J$5+3))+SUMPRODUCT((Vinduer!$A$5:$A$300=$A17)*Vinduer!$F$5:$F$300*(((Vinduer!$G$5:$G$300="")+(Vinduer!$G$5:$G$300=$B$2))>0)*((Vinduer!$C$5:$C$300<=Vinduer!$D$5:$D$300)*(J$4>=Vinduer!$C$5:$C$300)*(J$4<=Vinduer!$D$5:$D$300)+(Vinduer!$C$5:$C$300>Vinduer!$D$5:$D$300)*(((J$4>=Vinduer!$C$5:$C$300)+(J$4<=Vinduer!$D$5:$D$300))>0))))))) | K17: =IF($A17="","",IF(COUNTIFS(Måned!$A$5:$A$2000,$A17,Måned!$C$5:$C$2000,MONTH(K$5+3))=0,"",MAX(1,MIN(5,SUMIFS(Måned!$H$5:$H$2000,Måned!$A$5:$A$2000,$A17,Måned!$C$5:$C$2000,MONTH(K$5+3))+SUMPRODUCT((Vinduer!$A$5:$A$300=$A17)*Vinduer!$F$5:$F$300*(((Vinduer!$G$5:$G$300="")+(Vinduer!$G$5:$G$300=$B$2))>0)*((Vinduer!$C$5:$C$300<=Vinduer!$D$5:$D$300)*(K$4>=Vinduer!$C$5:$C$300)*(K$4<=Vinduer!$D$5:$D$300)+(Vinduer!$C$5:$C$300>Vinduer!$D$5:$D$300)*(((K$4>=Vinduer!$C$5:$C$300)+(K$4<=Vinduer!$D$5:$D$300))>0))))))) | L17: =IF($A17="","",IF(COUNTIFS(Måned!$A$5:$A$2000,$A17,Måned!$C$5:$C$2000,MONTH(L$5+3))=0,"",MAX(1,MIN(5,SUMIFS(Måned!$H$5:$H$2000,Måned!$A$5:$A$2000,$A17,Måned!$C$5:$C$2000,MONTH(L$5+3))+SUMPRODUCT((Vinduer!$A$5:$A$300=$A17)*Vinduer!$F$5:$F$300*(((Vinduer!$G$5:$G$300="")+(Vinduer!$G$5:$G$300=$B$2))>0)*((Vinduer!$C$5:$C$300<=Vinduer!$D$5:$D$300)*(L$4>=Vinduer!$C$5:$C$300)*(L$4<=Vinduer!$D$5:$D$300)+(Vinduer!$C$5:$C$300>Vinduer!$D$5:$D$300)*(((L$4>=Vinduer!$C$5:$C$300)+(L$4<=Vinduer!$D$5:$D$300))>0))))))) | M17: =IF($A17="","",IF(COUNTIFS(Måned!$A$5:$A$2000,$A17,Måned!$C$5:$C$2000,MONTH(M$5+3))=0,"",MAX(1,MIN(5,SUMIFS(Måned!$H$5:$H$2000,Måned!$A$5:$A$2000,$A17,Måned!$C$5:$C$2000,MONTH(M$5+3))+SUMPRODUCT((Vinduer!$A$5:$A$300=$A17)*Vinduer!$F$5:$F$300*(((Vinduer!$G$5:$G$300="")+(Vinduer!$G$5:$G$300=$B$2))>0)*((Vinduer!$C$5:$C$300<=Vinduer!$D$5:$D$300)*(M$4>=Vinduer!$C$5:$C$300)*(M$4<=Vinduer!$D$5:$D$300)+(Vinduer!$C$5:$C$300>Vinduer!$D$5:$D$300)*(((M$4>=Vinduer!$C$5:$C$300)+(M$4<=Vinduer!$D$5:$D$300))>0))))))) | ... BE17: =IF($A17="","",IF(COUNTIFS(Måned!$A$5:$A$2000,$A17,Måned!$C$5:$C$2000,MONTH(BE$5+3))=0,"",MAX(1,MIN(5,SUMIFS(Måned!$H$5:$H$2000,Måned!$A$5:$A$2000,$A17,Måned!$C$5:$C$2000,MONTH(BE$5+3))+SUMPRODUCT((Vinduer!$A$5:$A$300=$A17)*Vinduer!$F$5:$F$300*(((Vinduer!$G$5:$G$300="")+(Vinduer!$G$5:$G$300=$B$2))>0)*((Vinduer!$C$5:$C$300<=Vinduer!$D$5:$D$300)*(BE$4>=Vinduer!$C$5:$C$300)*(BE$4<=Vinduer!$D$5:$D$300)+(Vinduer!$C$5:$C$300>Vinduer!$D$5:$D$300)*(((BE$4>=Vinduer!$C$5:$C$300)+(BE$4<=Vinduer!$D$5:$D$300))>0)))))))
A18: =IF(Destinasjoner!A14="","",Destinasjoner!A14) | B18: =IF(A18="","",Destinasjoner!E14) | C18: =IF(A18="","",Destinasjoner!B14) | D18: =IFERROR(SUMIFS(F18:BE18,$F$7:$BE$7,"x")/COUNTIFS($F$7:$BE$7,"x",F18:BE18,">0"),"") | E18: =IF(D18="","",_xlfn.MINIFS(F18:BE18,$F$7:$BE$7,"x",F18:BE18,">0")) | F18: =IF($A18="","",IF(COUNTIFS(Måned!$A$5:$A$2000,$A18,Måned!$C$5:$C$2000,MONTH(F$5+3))=0,"",MAX(1,MIN(5,SUMIFS(Måned!$H$5:$H$2000,Måned!$A$5:$A$2000,$A18,Måned!$C$5:$C$2000,MONTH(F$5+3))+SUMPRODUCT((Vinduer!$A$5:$A$300=$A18)*Vinduer!$F$5:$F$300*(((Vinduer!$G$5:$G$300="")+(Vinduer!$G$5:$G$300=$B$2))>0)*((Vinduer!$C$5:$C$300<=Vinduer!$D$5:$D$300)*(F$4>=Vinduer!$C$5:$C$300)*(F$4<=Vinduer!$D$5:$D$300)+(Vinduer!$C$5:$C$300>Vinduer!$D$5:$D$300)*(((F$4>=Vinduer!$C$5:$C$300)+(F$4<=Vinduer!$D$5:$D$300))>0))))))) | G18: =IF($A18="","",IF(COUNTIFS(Måned!$A$5:$A$2000,$A18,Måned!$C$5:$C$2000,MONTH(G$5+3))=0,"",MAX(1,MIN(5,SUMIFS(Måned!$H$5:$H$2000,Måned!$A$5:$A$2000,$A18,Måned!$C$5:$C$2000,MONTH(G$5+3))+SUMPRODUCT((Vinduer!$A$5:$A$300=$A18)*Vinduer!$F$5:$F$300*(((Vinduer!$G$5:$G$300="")+(Vinduer!$G$5:$G$300=$B$2))>0)*((Vinduer!$C$5:$C$300<=Vinduer!$D$5:$D$300)*(G$4>=Vinduer!$C$5:$C$300)*(G$4<=Vinduer!$D$5:$D$300)+(Vinduer!$C$5:$C$300>Vinduer!$D$5:$D$300)*(((G$4>=Vinduer!$C$5:$C$300)+(G$4<=Vinduer!$D$5:$D$300))>0))))))) | H18: =IF($A18="","",IF(COUNTIFS(Måned!$A$5:$A$2000,$A18,Måned!$C$5:$C$2000,MONTH(H$5+3))=0,"",MAX(1,MIN(5,SUMIFS(Måned!$H$5:$H$2000,Måned!$A$5:$A$2000,$A18,Måned!$C$5:$C$2000,MONTH(H$5+3))+SUMPRODUCT((Vinduer!$A$5:$A$300=$A18)*Vinduer!$F$5:$F$300*(((Vinduer!$G$5:$G$300="")+(Vinduer!$G$5:$G$300=$B$2))>0)*((Vinduer!$C$5:$C$300<=Vinduer!$D$5:$D$300)*(H$4>=Vinduer!$C$5:$C$300)*(H$4<=Vinduer!$D$5:$D$300)+(Vinduer!$C$5:$C$300>Vinduer!$D$5:$D$300)*(((H$4>=Vinduer!$C$5:$C$300)+(H$4<=Vinduer!$D$5:$D$300))>0))))))) | I18: =IF($A18="","",IF(COUNTIFS(Måned!$A$5:$A$2000,$A18,Måned!$C$5:$C$2000,MONTH(I$5+3))=0,"",MAX(1,MIN(5,SUMIFS(Måned!$H$5:$H$2000,Måned!$A$5:$A$2000,$A18,Måned!$C$5:$C$2000,MONTH(I$5+3))+SUMPRODUCT((Vinduer!$A$5:$A$300=$A18)*Vinduer!$F$5:$F$300*(((Vinduer!$G$5:$G$300="")+(Vinduer!$G$5:$G$300=$B$2))>0)*((Vinduer!$C$5:$C$300<=Vinduer!$D$5:$D$300)*(I$4>=Vinduer!$C$5:$C$300)*(I$4<=Vinduer!$D$5:$D$300)+(Vinduer!$C$5:$C$300>Vinduer!$D$5:$D$300)*(((I$4>=Vinduer!$C$5:$C$300)+(I$4<=Vinduer!$D$5:$D$300))>0))))))) | J18: =IF($A18="","",IF(COUNTIFS(Måned!$A$5:$A$2000,$A18,Måned!$C$5:$C$2000,MONTH(J$5+3))=0,"",MAX(1,MIN(5,SUMIFS(Måned!$H$5:$H$2000,Måned!$A$5:$A$2000,$A18,Måned!$C$5:$C$2000,MONTH(J$5+3))+SUMPRODUCT((Vinduer!$A$5:$A$300=$A18)*Vinduer!$F$5:$F$300*(((Vinduer!$G$5:$G$300="")+(Vinduer!$G$5:$G$300=$B$2))>0)*((Vinduer!$C$5:$C$300<=Vinduer!$D$5:$D$300)*(J$4>=Vinduer!$C$5:$C$300)*(J$4<=Vinduer!$D$5:$D$300)+(Vinduer!$C$5:$C$300>Vinduer!$D$5:$D$300)*(((J$4>=Vinduer!$C$5:$C$300)+(J$4<=Vinduer!$D$5:$D$300))>0))))))) | K18: =IF($A18="","",IF(COUNTIFS(Måned!$A$5:$A$2000,$A18,Måned!$C$5:$C$2000,MONTH(K$5+3))=0,"",MAX(1,MIN(5,SUMIFS(Måned!$H$5:$H$2000,Måned!$A$5:$A$2000,$A18,Måned!$C$5:$C$2000,MONTH(K$5+3))+SUMPRODUCT((Vinduer!$A$5:$A$300=$A18)*Vinduer!$F$5:$F$300*(((Vinduer!$G$5:$G$300="")+(Vinduer!$G$5:$G$300=$B$2))>0)*((Vinduer!$C$5:$C$300<=Vinduer!$D$5:$D$300)*(K$4>=Vinduer!$C$5:$C$300)*(K$4<=Vinduer!$D$5:$D$300)+(Vinduer!$C$5:$C$300>Vinduer!$D$5:$D$300)*(((K$4>=Vinduer!$C$5:$C$300)+(K$4<=Vinduer!$D$5:$D$300))>0))))))) | L18: =IF($A18="","",IF(COUNTIFS(Måned!$A$5:$A$2000,$A18,Måned!$C$5:$C$2000,MONTH(L$5+3))=0,"",MAX(1,MIN(5,SUMIFS(Måned!$H$5:$H$2000,Måned!$A$5:$A$2000,$A18,Måned!$C$5:$C$2000,MONTH(L$5+3))+SUMPRODUCT((Vinduer!$A$5:$A$300=$A18)*Vinduer!$F$5:$F$300*(((Vinduer!$G$5:$G$300="")+(Vinduer!$G$5:$G$300=$B$2))>0)*((Vinduer!$C$5:$C$300<=Vinduer!$D$5:$D$300)*(L$4>=Vinduer!$C$5:$C$300)*(L$4<=Vinduer!$D$5:$D$300)+(Vinduer!$C$5:$C$300>Vinduer!$D$5:$D$300)*(((L$4>=Vinduer!$C$5:$C$300)+(L$4<=Vinduer!$D$5:$D$300))>0))))))) | M18: =IF($A18="","",IF(COUNTIFS(Måned!$A$5:$A$2000,$A18,Måned!$C$5:$C$2000,MONTH(M$5+3))=0,"",MAX(1,MIN(5,SUMIFS(Måned!$H$5:$H$2000,Måned!$A$5:$A$2000,$A18,Måned!$C$5:$C$2000,MONTH(M$5+3))+SUMPRODUCT((Vinduer!$A$5:$A$300=$A18)*Vinduer!$F$5:$F$300*(((Vinduer!$G$5:$G$300="")+(Vinduer!$G$5:$G$300=$B$2))>0)*((Vinduer!$C$5:$C$300<=Vinduer!$D$5:$D$300)*(M$4>=Vinduer!$C$5:$C$300)*(M$4<=Vinduer!$D$5:$D$300)+(Vinduer!$C$5:$C$300>Vinduer!$D$5:$D$300)*(((M$4>=Vinduer!$C$5:$C$300)+(M$4<=Vinduer!$D$5:$D$300))>0))))))) | ... BE18: =IF($A18="","",IF(COUNTIFS(Måned!$A$5:$A$2000,$A18,Måned!$C$5:$C$2000,MONTH(BE$5+3))=0,"",MAX(1,MIN(5,SUMIFS(Måned!$H$5:$H$2000,Måned!$A$5:$A$2000,$A18,Måned!$C$5:$C$2000,MONTH(BE$5+3))+SUMPRODUCT((Vinduer!$A$5:$A$300=$A18)*Vinduer!$F$5:$F$300*(((Vinduer!$G$5:$G$300="")+(Vinduer!$G$5:$G$300=$B$2))>0)*((Vinduer!$C$5:$C$300<=Vinduer!$D$5:$D$300)*(BE$4>=Vinduer!$C$5:$C$300)*(BE$4<=Vinduer!$D$5:$D$300)+(Vinduer!$C$5:$C$300>Vinduer!$D$5:$D$300)*(((BE$4>=Vinduer!$C$5:$C$300)+(BE$4<=Vinduer!$D$5:$D$300))>0)))))))
A19: =IF(Destinasjoner!A15="","",Destinasjoner!A15) | B19: =IF(A19="","",Destinasjoner!E15) | C19: =IF(A19="","",Destinasjoner!B15) | D19: =IFERROR(SUMIFS(F19:BE19,$F$7:$BE$7,"x")/COUNTIFS($F$7:$BE$7,"x",F19:BE19,">0"),"") | E19: =IF(D19="","",_xlfn.MINIFS(F19:BE19,$F$7:$BE$7,"x",F19:BE19,">0")) | F19: =IF($A19="","",IF(COUNTIFS(Måned!$A$5:$A$2000,$A19,Måned!$C$5:$C$2000,MONTH(F$5+3))=0,"",MAX(1,MIN(5,SUMIFS(Måned!$H$5:$H$2000,Måned!$A$5:$A$2000,$A19,Måned!$C$5:$C$2000,MONTH(F$5+3))+SUMPRODUCT((Vinduer!$A$5:$A$300=$A19)*Vinduer!$F$5:$F$300*(((Vinduer!$G$5:$G$300="")+(Vinduer!$G$5:$G$300=$B$2))>0)*((Vinduer!$C$5:$C$300<=Vinduer!$D$5:$D$300)*(F$4>=Vinduer!$C$5:$C$300)*(F$4<=Vinduer!$D$5:$D$300)+(Vinduer!$C$5:$C$300>Vinduer!$D$5:$D$300)*(((F$4>=Vinduer!$C$5:$C$300)+(F$4<=Vinduer!$D$5:$D$300))>0))))))) | G19: =IF($A19="","",IF(COUNTIFS(Måned!$A$5:$A$2000,$A19,Måned!$C$5:$C$2000,MONTH(G$5+3))=0,"",MAX(1,MIN(5,SUMIFS(Måned!$H$5:$H$2000,Måned!$A$5:$A$2000,$A19,Måned!$C$5:$C$2000,MONTH(G$5+3))+SUMPRODUCT((Vinduer!$A$5:$A$300=$A19)*Vinduer!$F$5:$F$300*(((Vinduer!$G$5:$G$300="")+(Vinduer!$G$5:$G$300=$B$2))>0)*((Vinduer!$C$5:$C$300<=Vinduer!$D$5:$D$300)*(G$4>=Vinduer!$C$5:$C$300)*(G$4<=Vinduer!$D$5:$D$300)+(Vinduer!$C$5:$C$300>Vinduer!$D$5:$D$300)*(((G$4>=Vinduer!$C$5:$C$300)+(G$4<=Vinduer!$D$5:$D$300))>0))))))) | H19: =IF($A19="","",IF(COUNTIFS(Måned!$A$5:$A$2000,$A19,Måned!$C$5:$C$2000,MONTH(H$5+3))=0,"",MAX(1,MIN(5,SUMIFS(Måned!$H$5:$H$2000,Måned!$A$5:$A$2000,$A19,Måned!$C$5:$C$2000,MONTH(H$5+3))+SUMPRODUCT((Vinduer!$A$5:$A$300=$A19)*Vinduer!$F$5:$F$300*(((Vinduer!$G$5:$G$300="")+(Vinduer!$G$5:$G$300=$B$2))>0)*((Vinduer!$C$5:$C$300<=Vinduer!$D$5:$D$300)*(H$4>=Vinduer!$C$5:$C$300)*(H$4<=Vinduer!$D$5:$D$300)+(Vinduer!$C$5:$C$300>Vinduer!$D$5:$D$300)*(((H$4>=Vinduer!$C$5:$C$300)+(H$4<=Vinduer!$D$5:$D$300))>0))))))) | I19: =IF($A19="","",IF(COUNTIFS(Måned!$A$5:$A$2000,$A19,Måned!$C$5:$C$2000,MONTH(I$5+3))=0,"",MAX(1,MIN(5,SUMIFS(Måned!$H$5:$H$2000,Måned!$A$5:$A$2000,$A19,Måned!$C$5:$C$2000,MONTH(I$5+3))+SUMPRODUCT((Vinduer!$A$5:$A$300=$A19)*Vinduer!$F$5:$F$300*(((Vinduer!$G$5:$G$300="")+(Vinduer!$G$5:$G$300=$B$2))>0)*((Vinduer!$C$5:$C$300<=Vinduer!$D$5:$D$300)*(I$4>=Vinduer!$C$5:$C$300)*(I$4<=Vinduer!$D$5:$D$300)+(Vinduer!$C$5:$C$300>Vinduer!$D$5:$D$300)*(((I$4>=Vinduer!$C$5:$C$300)+(I$4<=Vinduer!$D$5:$D$300))>0))))))) | J19: =IF($A19="","",IF(COUNTIFS(Måned!$A$5:$A$2000,$A19,Måned!$C$5:$C$2000,MONTH(J$5+3))=0,"",MAX(1,MIN(5,SUMIFS(Måned!$H$5:$H$2000,Måned!$A$5:$A$2000,$A19,Måned!$C$5:$C$2000,MONTH(J$5+3))+SUMPRODUCT((Vinduer!$A$5:$A$300=$A19)*Vinduer!$F$5:$F$300*(((Vinduer!$G$5:$G$300="")+(Vinduer!$G$5:$G$300=$B$2))>0)*((Vinduer!$C$5:$C$300<=Vinduer!$D$5:$D$300)*(J$4>=Vinduer!$C$5:$C$300)*(J$4<=Vinduer!$D$5:$D$300)+(Vinduer!$C$5:$C$300>Vinduer!$D$5:$D$300)*(((J$4>=Vinduer!$C$5:$C$300)+(J$4<=Vinduer!$D$5:$D$300))>0))))))) | K19: =IF($A19="","",IF(COUNTIFS(Måned!$A$5:$A$2000,$A19,Måned!$C$5:$C$2000,MONTH(K$5+3))=0,"",MAX(1,MIN(5,SUMIFS(Måned!$H$5:$H$2000,Måned!$A$5:$A$2000,$A19,Måned!$C$5:$C$2000,MONTH(K$5+3))+SUMPRODUCT((Vinduer!$A$5:$A$300=$A19)*Vinduer!$F$5:$F$300*(((Vinduer!$G$5:$G$300="")+(Vinduer!$G$5:$G$300=$B$2))>0)*((Vinduer!$C$5:$C$300<=Vinduer!$D$5:$D$300)*(K$4>=Vinduer!$C$5:$C$300)*(K$4<=Vinduer!$D$5:$D$300)+(Vinduer!$C$5:$C$300>Vinduer!$D$5:$D$300)*(((K$4>=Vinduer!$C$5:$C$300)+(K$4<=Vinduer!$D$5:$D$300))>0))))))) | L19: =IF($A19="","",IF(COUNTIFS(Måned!$A$5:$A$2000,$A19,Måned!$C$5:$C$2000,MONTH(L$5+3))=0,"",MAX(1,MIN(5,SUMIFS(Måned!$H$5:$H$2000,Måned!$A$5:$A$2000,$A19,Måned!$C$5:$C$2000,MONTH(L$5+3))+SUMPRODUCT((Vinduer!$A$5:$A$300=$A19)*Vinduer!$F$5:$F$300*(((Vinduer!$G$5:$G$300="")+(Vinduer!$G$5:$G$300=$B$2))>0)*((Vinduer!$C$5:$C$300<=Vinduer!$D$5:$D$300)*(L$4>=Vinduer!$C$5:$C$300)*(L$4<=Vinduer!$D$5:$D$300)+(Vinduer!$C$5:$C$300>Vinduer!$D$5:$D$300)*(((L$4>=Vinduer!$C$5:$C$300)+(L$4<=Vinduer!$D$5:$D$300))>0))))))) | M19: =IF($A19="","",IF(COUNTIFS(Måned!$A$5:$A$2000,$A19,Måned!$C$5:$C$2000,MONTH(M$5+3))=0,"",MAX(1,MIN(5,SUMIFS(Måned!$H$5:$H$2000,Måned!$A$5:$A$2000,$A19,Måned!$C$5:$C$2000,MONTH(M$5+3))+SUMPRODUCT((Vinduer!$A$5:$A$300=$A19)*Vinduer!$F$5:$F$300*(((Vinduer!$G$5:$G$300="")+(Vinduer!$G$5:$G$300=$B$2))>0)*((Vinduer!$C$5:$C$300<=Vinduer!$D$5:$D$300)*(M$4>=Vinduer!$C$5:$C$300)*(M$4<=Vinduer!$D$5:$D$300)+(Vinduer!$C$5:$C$300>Vinduer!$D$5:$D$300)*(((M$4>=Vinduer!$C$5:$C$300)+(M$4<=Vinduer!$D$5:$D$300))>0))))))) | ... BE19: =IF($A19="","",IF(COUNTIFS(Måned!$A$5:$A$2000,$A19,Måned!$C$5:$C$2000,MONTH(BE$5+3))=0,"",MAX(1,MIN(5,SUMIFS(Måned!$H$5:$H$2000,Måned!$A$5:$A$2000,$A19,Måned!$C$5:$C$2000,MONTH(BE$5+3))+SUMPRODUCT((Vinduer!$A$5:$A$300=$A19)*Vinduer!$F$5:$F$300*(((Vinduer!$G$5:$G$300="")+(Vinduer!$G$5:$G$300=$B$2))>0)*((Vinduer!$C$5:$C$300<=Vinduer!$D$5:$D$300)*(BE$4>=Vinduer!$C$5:$C$300)*(BE$4<=Vinduer!$D$5:$D$300)+(Vinduer!$C$5:$C$300>Vinduer!$D$5:$D$300)*(((BE$4>=Vinduer!$C$5:$C$300)+(BE$4<=Vinduer!$D$5:$D$300))>0)))))))
A20: =IF(Destinasjoner!A16="","",Destinasjoner!A16) | B20: =IF(A20="","",Destinasjoner!E16) | C20: =IF(A20="","",Destinasjoner!B16) | D20: =IFERROR(SUMIFS(F20:BE20,$F$7:$BE$7,"x")/COUNTIFS($F$7:$BE$7,"x",F20:BE20,">0"),"") | E20: =IF(D20="","",_xlfn.MINIFS(F20:BE20,$F$7:$BE$7,"x",F20:BE20,">0")) | F20: =IF($A20="","",IF(COUNTIFS(Måned!$A$5:$A$2000,$A20,Måned!$C$5:$C$2000,MONTH(F$5+3))=0,"",MAX(1,MIN(5,SUMIFS(Måned!$H$5:$H$2000,Måned!$A$5:$A$2000,$A20,Måned!$C$5:$C$2000,MONTH(F$5+3))+SUMPRODUCT((Vinduer!$A$5:$A$300=$A20)*Vinduer!$F$5:$F$300*(((Vinduer!$G$5:$G$300="")+(Vinduer!$G$5:$G$300=$B$2))>0)*((Vinduer!$C$5:$C$300<=Vinduer!$D$5:$D$300)*(F$4>=Vinduer!$C$5:$C$300)*(F$4<=Vinduer!$D$5:$D$300)+(Vinduer!$C$5:$C$300>Vinduer!$D$5:$D$300)*(((F$4>=Vinduer!$C$5:$C$300)+(F$4<=Vinduer!$D$5:$D$300))>0))))))) | G20: =IF($A20="","",IF(COUNTIFS(Måned!$A$5:$A$2000,$A20,Måned!$C$5:$C$2000,MONTH(G$5+3))=0,"",MAX(1,MIN(5,SUMIFS(Måned!$H$5:$H$2000,Måned!$A$5:$A$2000,$A20,Måned!$C$5:$C$2000,MONTH(G$5+3))+SUMPRODUCT((Vinduer!$A$5:$A$300=$A20)*Vinduer!$F$5:$F$300*(((Vinduer!$G$5:$G$300="")+(Vinduer!$G$5:$G$300=$B$2))>0)*((Vinduer!$C$5:$C$300<=Vinduer!$D$5:$D$300)*(G$4>=Vinduer!$C$5:$C$300)*(G$4<=Vinduer!$D$5:$D$300)+(Vinduer!$C$5:$C$300>Vinduer!$D$5:$D$300)*(((G$4>=Vinduer!$C$5:$C$300)+(G$4<=Vinduer!$D$5:$D$300))>0))))))) | H20: =IF($A20="","",IF(COUNTIFS(Måned!$A$5:$A$2000,$A20,Måned!$C$5:$C$2000,MONTH(H$5+3))=0,"",MAX(1,MIN(5,SUMIFS(Måned!$H$5:$H$2000,Måned!$A$5:$A$2000,$A20,Måned!$C$5:$C$2000,MONTH(H$5+3))+SUMPRODUCT((Vinduer!$A$5:$A$300=$A20)*Vinduer!$F$5:$F$300*(((Vinduer!$G$5:$G$300="")+(Vinduer!$G$5:$G$300=$B$2))>0)*((Vinduer!$C$5:$C$300<=Vinduer!$D$5:$D$300)*(H$4>=Vinduer!$C$5:$C$300)*(H$4<=Vinduer!$D$5:$D$300)+(Vinduer!$C$5:$C$300>Vinduer!$D$5:$D$300)*(((H$4>=Vinduer!$C$5:$C$300)+(H$4<=Vinduer!$D$5:$D$300))>0))))))) | I20: =IF($A20="","",IF(COUNTIFS(Måned!$A$5:$A$2000,$A20,Måned!$C$5:$C$2000,MONTH(I$5+3))=0,"",MAX(1,MIN(5,SUMIFS(Måned!$H$5:$H$2000,Måned!$A$5:$A$2000,$A20,Måned!$C$5:$C$2000,MONTH(I$5+3))+SUMPRODUCT((Vinduer!$A$5:$A$300=$A20)*Vinduer!$F$5:$F$300*(((Vinduer!$G$5:$G$300="")+(Vinduer!$G$5:$G$300=$B$2))>0)*((Vinduer!$C$5:$C$300<=Vinduer!$D$5:$D$300)*(I$4>=Vinduer!$C$5:$C$300)*(I$4<=Vinduer!$D$5:$D$300)+(Vinduer!$C$5:$C$300>Vinduer!$D$5:$D$300)*(((I$4>=Vinduer!$C$5:$C$300)+(I$4<=Vinduer!$D$5:$D$300))>0))))))) | J20: =IF($A20="","",IF(COUNTIFS(Måned!$A$5:$A$2000,$A20,Måned!$C$5:$C$2000,MONTH(J$5+3))=0,"",MAX(1,MIN(5,SUMIFS(Måned!$H$5:$H$2000,Måned!$A$5:$A$2000,$A20,Måned!$C$5:$C$2000,MONTH(J$5+3))+SUMPRODUCT((Vinduer!$A$5:$A$300=$A20)*Vinduer!$F$5:$F$300*(((Vinduer!$G$5:$G$300="")+(Vinduer!$G$5:$G$300=$B$2))>0)*((Vinduer!$C$5:$C$300<=Vinduer!$D$5:$D$300)*(J$4>=Vinduer!$C$5:$C$300)*(J$4<=Vinduer!$D$5:$D$300)+(Vinduer!$C$5:$C$300>Vinduer!$D$5:$D$300)*(((J$4>=Vinduer!$C$5:$C$300)+(J$4<=Vinduer!$D$5:$D$300))>0))))))) | K20: =IF($A20="","",IF(COUNTIFS(Måned!$A$5:$A$2000,$A20,Måned!$C$5:$C$2000,MONTH(K$5+3))=0,"",MAX(1,MIN(5,SUMIFS(Måned!$H$5:$H$2000,Måned!$A$5:$A$2000,$A20,Måned!$C$5:$C$2000,MONTH(K$5+3))+SUMPRODUCT((Vinduer!$A$5:$A$300=$A20)*Vinduer!$F$5:$F$300*(((Vinduer!$G$5:$G$300="")+(Vinduer!$G$5:$G$300=$B$2))>0)*((Vinduer!$C$5:$C$300<=Vinduer!$D$5:$D$300)*(K$4>=Vinduer!$C$5:$C$300)*(K$4<=Vinduer!$D$5:$D$300)+(Vinduer!$C$5:$C$300>Vinduer!$D$5:$D$300)*(((K$4>=Vinduer!$C$5:$C$300)+(K$4<=Vinduer!$D$5:$D$300))>0))))))) | L20: =IF($A20="","",IF(COUNTIFS(Måned!$A$5:$A$2000,$A20,Måned!$C$5:$C$2000,MONTH(L$5+3))=0,"",MAX(1,MIN(5,SUMIFS(Måned!$H$5:$H$2000,Måned!$A$5:$A$2000,$A20,Måned!$C$5:$C$2000,MONTH(L$5+3))+SUMPRODUCT((Vinduer!$A$5:$A$300=$A20)*Vinduer!$F$5:$F$300*(((Vinduer!$G$5:$G$300="")+(Vinduer!$G$5:$G$300=$B$2))>0)*((Vinduer!$C$5:$C$300<=Vinduer!$D$5:$D$300)*(L$4>=Vinduer!$C$5:$C$300)*(L$4<=Vinduer!$D$5:$D$300)+(Vinduer!$C$5:$C$300>Vinduer!$D$5:$D$300)*(((L$4>=Vinduer!$C$5:$C$300)+(L$4<=Vinduer!$D$5:$D$300))>0))))))) | M20: =IF($A20="","",IF(COUNTIFS(Måned!$A$5:$A$2000,$A20,Måned!$C$5:$C$2000,MONTH(M$5+3))=0,"",MAX(1,MIN(5,SUMIFS(Måned!$H$5:$H$2000,Måned!$A$5:$A$2000,$A20,Måned!$C$5:$C$2000,MONTH(M$5+3))+SUMPRODUCT((Vinduer!$A$5:$A$300=$A20)*Vinduer!$F$5:$F$300*(((Vinduer!$G$5:$G$300="")+(Vinduer!$G$5:$G$300=$B$2))>0)*((Vinduer!$C$5:$C$300<=Vinduer!$D$5:$D$300)*(M$4>=Vinduer!$C$5:$C$300)*(M$4<=Vinduer!$D$5:$D$300)+(Vinduer!$C$5:$C$300>Vinduer!$D$5:$D$300)*(((M$4>=Vinduer!$C$5:$C$300)+(M$4<=Vinduer!$D$5:$D$300))>0))))))) | ... BE20: =IF($A20="","",IF(COUNTIFS(Måned!$A$5:$A$2000,$A20,Måned!$C$5:$C$2000,MONTH(BE$5+3))=0,"",MAX(1,MIN(5,SUMIFS(Måned!$H$5:$H$2000,Måned!$A$5:$A$2000,$A20,Måned!$C$5:$C$2000,MONTH(BE$5+3))+SUMPRODUCT((Vinduer!$A$5:$A$300=$A20)*Vinduer!$F$5:$F$300*(((Vinduer!$G$5:$G$300="")+(Vinduer!$G$5:$G$300=$B$2))>0)*((Vinduer!$C$5:$C$300<=Vinduer!$D$5:$D$300)*(BE$4>=Vinduer!$C$5:$C$300)*(BE$4<=Vinduer!$D$5:$D$300)+(Vinduer!$C$5:$C$300>Vinduer!$D$5:$D$300)*(((BE$4>=Vinduer!$C$5:$C$300)+(BE$4<=Vinduer!$D$5:$D$300))>0)))))))
... A68: =IF(Destinasjoner!A64="","",Destinasjoner!A64) | B68: =IF(A68="","",Destinasjoner!E64) | C68: =IF(A68="","",Destinasjoner!B64) | D68: =IFERROR(SUMIFS(F68:BE68,$F$7:$BE$7,"x")/COUNTIFS($F$7:$BE$7,"x",F68:BE68,">0"),"") | E68: =IF(D68="","",_xlfn.MINIFS(F68:BE68,$F$7:$BE$7,"x",F68:BE68,">0")) | F68: =IF($A68="","",IF(COUNTIFS(Måned!$A$5:$A$2000,$A68,Måned!$C$5:$C$2000,MONTH(F$5+3))=0,"",MAX(1,MIN(5,SUMIFS(Måned!$H$5:$H$2000,Måned!$A$5:$A$2000,$A68,Måned!$C$5:$C$2000,MONTH(F$5+3))+SUMPRODUCT((Vinduer!$A$5:$A$300=$A68)*Vinduer!$F$5:$F$300*(((Vinduer!$G$5:$G$300="")+(Vinduer!$G$5:$G$300=$B$2))>0)*((Vinduer!$C$5:$C$300<=Vinduer!$D$5:$D$300)*(F$4>=Vinduer!$C$5:$C$300)*(F$4<=Vinduer!$D$5:$D$300)+(Vinduer!$C$5:$C$300>Vinduer!$D$5:$D$300)*(((F$4>=Vinduer!$C$5:$C$300)+(F$4<=Vinduer!$D$5:$D$300))>0))))))) | G68: =IF($A68="","",IF(COUNTIFS(Måned!$A$5:$A$2000,$A68,Måned!$C$5:$C$2000,MONTH(G$5+3))=0,"",MAX(1,MIN(5,SUMIFS(Måned!$H$5:$H$2000,Måned!$A$5:$A$2000,$A68,Måned!$C$5:$C$2000,MONTH(G$5+3))+SUMPRODUCT((Vinduer!$A$5:$A$300=$A68)*Vinduer!$F$5:$F$300*(((Vinduer!$G$5:$G$300="")+(Vinduer!$G$5:$G$300=$B$2))>0)*((Vinduer!$C$5:$C$300<=Vinduer!$D$5:$D$300)*(G$4>=Vinduer!$C$5:$C$300)*(G$4<=Vinduer!$D$5:$D$300)+(Vinduer!$C$5:$C$300>Vinduer!$D$5:$D$300)*(((G$4>=Vinduer!$C$5:$C$300)+(G$4<=Vinduer!$D$5:$D$300))>0))))))) | H68: =IF($A68="","",IF(COUNTIFS(Måned!$A$5:$A$2000,$A68,Måned!$C$5:$C$2000,MONTH(H$5+3))=0,"",MAX(1,MIN(5,SUMIFS(Måned!$H$5:$H$2000,Måned!$A$5:$A$2000,$A68,Måned!$C$5:$C$2000,MONTH(H$5+3))+SUMPRODUCT((Vinduer!$A$5:$A$300=$A68)*Vinduer!$F$5:$F$300*(((Vinduer!$G$5:$G$300="")+(Vinduer!$G$5:$G$300=$B$2))>0)*((Vinduer!$C$5:$C$300<=Vinduer!$D$5:$D$300)*(H$4>=Vinduer!$C$5:$C$300)*(H$4<=Vinduer!$D$5:$D$300)+(Vinduer!$C$5:$C$300>Vinduer!$D$5:$D$300)*(((H$4>=Vinduer!$C$5:$C$300)+(H$4<=Vinduer!$D$5:$D$300))>0))))))) | I68: =IF($A68="","",IF(COUNTIFS(Måned!$A$5:$A$2000,$A68,Måned!$C$5:$C$2000,MONTH(I$5+3))=0,"",MAX(1,MIN(5,SUMIFS(Måned!$H$5:$H$2000,Måned!$A$5:$A$2000,$A68,Måned!$C$5:$C$2000,MONTH(I$5+3))+SUMPRODUCT((Vinduer!$A$5:$A$300=$A68)*Vinduer!$F$5:$F$300*(((Vinduer!$G$5:$G$300="")+(Vinduer!$G$5:$G$300=$B$2))>0)*((Vinduer!$C$5:$C$300<=Vinduer!$D$5:$D$300)*(I$4>=Vinduer!$C$5:$C$300)*(I$4<=Vinduer!$D$5:$D$300)+(Vinduer!$C$5:$C$300>Vinduer!$D$5:$D$300)*(((I$4>=Vinduer!$C$5:$C$300)+(I$4<=Vinduer!$D$5:$D$300))>0))))))) | J68: =IF($A68="","",IF(COUNTIFS(Måned!$A$5:$A$2000,$A68,Måned!$C$5:$C$2000,MONTH(J$5+3))=0,"",MAX(1,MIN(5,SUMIFS(Måned!$H$5:$H$2000,Måned!$A$5:$A$2000,$A68,Måned!$C$5:$C$2000,MONTH(J$5+3))+SUMPRODUCT((Vinduer!$A$5:$A$300=$A68)*Vinduer!$F$5:$F$300*(((Vinduer!$G$5:$G$300="")+(Vinduer!$G$5:$G$300=$B$2))>0)*((Vinduer!$C$5:$C$300<=Vinduer!$D$5:$D$300)*(J$4>=Vinduer!$C$5:$C$300)*(J$4<=Vinduer!$D$5:$D$300)+(Vinduer!$C$5:$C$300>Vinduer!$D$5:$D$300)*(((J$4>=Vinduer!$C$5:$C$300)+(J$4<=Vinduer!$D$5:$D$300))>0))))))) | K68: =IF($A68="","",IF(COUNTIFS(Måned!$A$5:$A$2000,$A68,Måned!$C$5:$C$2000,MONTH(K$5+3))=0,"",MAX(1,MIN(5,SUMIFS(Måned!$H$5:$H$2000,Måned!$A$5:$A$2000,$A68,Måned!$C$5:$C$2000,MONTH(K$5+3))+SUMPRODUCT((Vinduer!$A$5:$A$300=$A68)*Vinduer!$F$5:$F$300*(((Vinduer!$G$5:$G$300="")+(Vinduer!$G$5:$G$300=$B$2))>0)*((Vinduer!$C$5:$C$300<=Vinduer!$D$5:$D$300)*(K$4>=Vinduer!$C$5:$C$300)*(K$4<=Vinduer!$D$5:$D$300)+(Vinduer!$C$5:$C$300>Vinduer!$D$5:$D$300)*(((K$4>=Vinduer!$C$5:$C$300)+(K$4<=Vinduer!$D$5:$D$300))>0))))))) | L68: =IF($A68="","",IF(COUNTIFS(Måned!$A$5:$A$2000,$A68,Måned!$C$5:$C$2000,MONTH(L$5+3))=0,"",MAX(1,MIN(5,SUMIFS(Måned!$H$5:$H$2000,Måned!$A$5:$A$2000,$A68,Måned!$C$5:$C$2000,MONTH(L$5+3))+SUMPRODUCT((Vinduer!$A$5:$A$300=$A68)*Vinduer!$F$5:$F$300*(((Vinduer!$G$5:$G$300="")+(Vinduer!$G$5:$G$300=$B$2))>0)*((Vinduer!$C$5:$C$300<=Vinduer!$D$5:$D$300)*(L$4>=Vinduer!$C$5:$C$300)*(L$4<=Vinduer!$D$5:$D$300)+(Vinduer!$C$5:$C$300>Vinduer!$D$5:$D$300)*(((L$4>=Vinduer!$C$5:$C$300)+(L$4<=Vinduer!$D$5:$D$300))>0))))))) | M68: =IF($A68="","",IF(COUNTIFS(Måned!$A$5:$A$2000,$A68,Måned!$C$5:$C$2000,MONTH(M$5+3))=0,"",MAX(1,MIN(5,SUMIFS(Måned!$H$5:$H$2000,Måned!$A$5:$A$2000,$A68,Måned!$C$5:$C$2000,MONTH(M$5+3))+SUMPRODUCT((Vinduer!$A$5:$A$300=$A68)*Vinduer!$F$5:$F$300*(((Vinduer!$G$5:$G$300="")+(Vinduer!$G$5:$G$300=$B$2))>0)*((Vinduer!$C$5:$C$300<=Vinduer!$D$5:$D$300)*(M$4>=Vinduer!$C$5:$C$300)*(M$4<=Vinduer!$D$5:$D$300)+(Vinduer!$C$5:$C$300>Vinduer!$D$5:$D$300)*(((M$4>=Vinduer!$C$5:$C$300)+(M$4<=Vinduer!$D$5:$D$300))>0))))))) | ... BE68: =IF($A68="","",IF(COUNTIFS(Måned!$A$5:$A$2000,$A68,Måned!$C$5:$C$2000,MONTH(BE$5+3))=0,"",MAX(1,MIN(5,SUMIFS(Måned!$H$5:$H$2000,Måned!$A$5:$A$2000,$A68,Måned!$C$5:$C$2000,MONTH(BE$5+3))+SUMPRODUCT((Vinduer!$A$5:$A$300=$A68)*Vinduer!$F$5:$F$300*(((Vinduer!$G$5:$G$300="")+(Vinduer!$G$5:$G$300=$B$2))>0)*((Vinduer!$C$5:$C$300<=Vinduer!$D$5:$D$300)*(BE$4>=Vinduer!$C$5:$C$300)*(BE$4<=Vinduer!$D$5:$D$300)+(Vinduer!$C$5:$C$300>Vinduer!$D$5:$D$300)*(((BE$4>=Vinduer!$C$5:$C$300)+(BE$4<=Vinduer!$D$5:$D$300))>0)))))))

Sheet Destinasjoner
A1: Destinasjoner (master: .md-filen)
A2: Legg nye destinasjoner nederst (reserverte rader har formler). ID må være unik.
A4: ID | B4: Region | C4: Land | D4: Sted / fokus | E4: Visningsnavn | F4: Status | G4: Kategori | H4: Varighet (dager) | I4: Data i Måned | J4: Merknad | K4: Klimakilde (stasjon, periode)
A5: BTN | B5: Asia, Oseania og Midt-Østen | C5: Bhutan | E5: =IF(A5="","",C5&IF(D5<>""," – "&D5,"")) | F5: Ikke besøkt | G5: Kultur / natur | I5: =IF(A5="","",IF(COUNTIF(Måned!$A$5:$A$2000,A5)>0,"Ja","")) | K5: Paro (2406 moh), NCHM Bhutan 1996–2017, via Wikipedia
A6: MMR | B6: Asia, Oseania og Midt-Østen | C6: Myanmar | E6: =IF(A6="","",C6&IF(D6<>""," – "&D6,"")) | F6: Ikke besøkt | G6: Kultur | I6: =IF(A6="","",IF(COUNTIF(Måned!$A$5:$A$2000,A6)>0,"Ja","")) | J6: Sikkerhet: borgerkrig – sjekk UDs reiseråd før planlegging | K6: Yangon (Kaba-Aye), WMO 1991–2020, via Wikipedia. Mandalay/Bagan: tørrere, men hetere (apr 39 °C)
A7: LAO | B7: Asia, Oseania og Midt-Østen | C7: Laos | E7: =IF(A7="","",C7&IF(D7<>""," – "&D7,"")) | F7: Ikke besøkt | G7: Kultur / natur | I7: =IF(A7="","",IF(COUNTIF(Måned!$A$5:$A$2000,A7)>0,"Ja","")) | K7: Luang Prabang, WMO 1991–2020, via Wikipedia
A8: NPL | B8: Asia, Oseania og Midt-Østen | C8: Nepal | D8: Katmandu, Pokhara | E8: =IF(A8="","",C8&IF(D8<>""," – "&D8,"")) | F8: Ikke besøkt | G8: Natur / trekking | I8: =IF(A8="","",IF(COUNTIF(Måned!$A$5:$A$2000,A8)>0,"Ja","")) | J8: Katmandu + Pokhara; evt. trekking (Annapurna) | K8: Pokhara lufthavn (827 moh), WMO/DHM 1991–2020, via Wikipedia. Katmandu: halvparten av nedbøren, ~1 °C kjøligere
A9: IND-GOA | B9: Asia, Oseania og Midt-Østen | C9: India | D9: Goa | E9: =IF(A9="","",C9&IF(D9<>""," – "&D9,"")) | F9: Ikke besøkt | G9: Strand | I9: =IF(A9="","",IF(COUNTIF(Måned!$A$5:$A$2000,A9)>0,"Ja","")) | K9: Panaji (Panjim), IMD / Tokyo Climate Center 1991–2020, via Wikipedia
A10: LKA-SV | B10: Asia, Oseania og Midt-Østen | C10: Sri Lanka | D10: Vest- og sørkysten, høylandet | E10: =IF(A10="","",C10&IF(D10<>""," – "&D10,"")) | F10: Ikke besøkt | G10: Strand / kultur | I10: =IF(A10="","",IF(COUNTIF(Måned!$A$5:$A$2000,A10)>0,"Ja","")) | J10: Sørvestmonsun mai–sep; best des–apr | K10: Colombo, WMO 1991–2020, via Wikipedia. Høylandet: kjøligere, tilsvarende regnmønster
A11: LKA-O | B11: Asia, Oseania og Midt-Østen | C11: Sri Lanka | D11: Østkysten (Trincomalee, Arugam Bay) | E11: =IF(A11="","",C11&IF(D11<>""," – "&D11,"")) | F11: Ikke besøkt | G11: Strand / surf | I11: =IF(A11="","",IF(COUNTIF(Måned!$A$5:$A$2000,A11)>0,"Ja","")) | J11: Nordøstmonsun okt–jan; best mai–sep | K11: Trincomalee, 1991–2020, via Wikipedia
A12: CHN | B12: Asia, Oseania og Midt-Østen | C12: Kina | D12: Beijing, Shanghai | E12: =IF(A12="","",C12&IF(D12<>""," – "&D12,"")) | F12: Ikke besøkt | G12: By / kultur | I12: =IF(A12="","",IF(COUNTIF(Måned!$A$5:$A$2000,A12)>0,"Ja","")) | K12: Beijing, CMA 1991–2020, via Wikipedia. Shanghai (Xujiahui): mildere vinter, våtere juni–sep
A13: PYF | B13: Asia, Oseania og Midt-Østen | C13: Fransk Polynesia | E13: =IF(A13="","",C13&IF(D13<>""," – "&D13,"")) | F13: Ikke besøkt | G13: Strand / dykking | I13: =IF(A13="","",IF(COUNTIF(Måned!$A$5:$A$2000,A13)>0,"Ja","")) | K13: Papeete, Météo-France 1981–2010, via Wikipedia
A14: YEM-SOC | B14: Asia, Oseania og Midt-Østen | C14: Yemen | D14: Socotra | E14: =IF(A14="","",C14&IF(D14<>""," – "&D14,"")) | F14: Ikke besøkt | G14: Natur / ekspedisjon | I14: =IF(A14="","",IF(COUNTIF(Måned!$A$5:$A$2000,A14)>0,"Ja","")) | J14: Sikkerhet: Yemen – sjekk UDs reiseråd; tilgang via charter fra Abu Dhabi | K14: Socotra lufthavn, DWD 1961–1990, via Wikipedia
A15: VNM | B15: Asia, Oseania og Midt-Østen | C15: Vietnam | D15: Reunification Express + Hue | E15: =IF(A15="","",C15&IF(D15<>""," – "&D15,"")) | F15: Ikke besøkt | G15: Kultur / by / tog | H15: 14 | I15: =IF(A15="","",IF(COUNTIF(Måned!$A$5:$A$2000,A15)>0,"Ja","")) | J15: Hele landet langs ruten; Hue (sentral-Vietnam) er begrensende faktor for klima | K15: Hue, VIBST, via Wikipedia (periode ikke oppgitt). Hanoi (Láng, WMO 1991–2020) i begrunnelse
A16: SILK | B16: Asia, Oseania og Midt-Østen | C16: Sentral-Asia | D16: Silkeveien | E16: =IF(A16="","",C16&IF(D16<>""," – "&D16,"")) | F16: Ikke besøkt | G16: Kultur / rundreise | I16: =IF(A16="","",IF(COUNTIF(Måned!$A$5:$A$2000,A16)>0,"Ja","")) | J16: Rute avklares (Usbekistan, Kirgisistan, Kasakhstan, Tadsjikistan, Turkmenistan) | K16: Samarkand, 1991–2020 (pogoda.ru.net), via Wikipedia. Bukhara/Khiva: tørrere og ~3 °C hetere om sommeren
A17: IDN-ROT | B17: Asia, Oseania og Midt-Østen | C17: Indonesia | D17: Rote | E17: =IF(A17="","",C17&IF(D17<>""," – "&D17,"")) | F17: Ikke besøkt | G17: Surf / strand | I17: =IF(A17="","",IF(COUNTIF(Måned!$A$5:$A$2000,A17)>0,"Ja","")) | K17: Kupang (El Tari), 1991–2020 (Starlings Roost Weather), via Wikipedia – nærmeste stasjon til Rote
A18: SGP | B18: Asia, Oseania og Midt-Østen | C18: Singapore | E18: =IF(A18="","",C18&IF(D18<>""," – "&D18,"")) | F18: Ikke besøkt | G18: By / long stay | I18: =IF(A18="","",IF(COUNTIF(Måned!$A$5:$A$2000,A18)>0,"Ja","")) | K18: Singapore (Paya Lebar), NEA 1991–2020, via Wikipedia
A19: PHL | B19: Asia, Oseania og Midt-Østen | C19: Filippinene | E19: =IF(A19="","",C19&IF(D19<>""," – "&D19,"")) | F19: Ikke besøkt | G19: Strand / øyhopping | I19: =IF(A19="","",IF(COUNTIF(Måned!$A$5:$A$2000,A19)>0,"Ja","")) | J19: Klima satt for Palawan (El Nido/Coron). Andre øygrupper kan ha annen sesong | K19: Puerto Princesa (Palawan), PAGASA 1991–2020, via Wikipedia. Luzon/Visayas har mer tyfoner
A20: PNG | B20: Asia, Oseania og Midt-Østen | C20: Papua Ny-Guinea | E20: =IF(A20="","",C20&IF(D20<>""," – "&D20,"")) | F20: Ikke besøkt | G20: Kultur / ekspedisjon | I20: =IF(A20="","",IF(COUNTIF(Måned!$A$5:$A$2000,A20)>0,"Ja","")) | J20: Sikkerhet: høy kriminalitet i Port Moresby – organisert tur anbefales | K20: Port Moresby, WMO/DWD 1961–1990, via Wikipedia. Høylandet: kjøligere og regn hele året
A21: TLS | B21: Asia, Oseania og Midt-Østen | C21: Øst-Timor | E21: =IF(A21="","",C21&IF(D21<>""," – "&D21,"")) | F21: Ikke besøkt | G21: Natur / dykking | I21: =IF(A21="","",IF(COUNTIF(Måned!$A$5:$A$2000,A21)>0,"Ja","")) | K21: Dili, DWD 1914–1963, via Wikipedia (gammel serie)
A22: LBN | B22: Asia, Oseania og Midt-Østen | C22: Libanon | E22: =IF(A22="","",C22&IF(D22<>""," – "&D22,"")) | F22: Ikke besøkt | G22: By / kultur / mat | I22: =IF(A22="","",IF(COUNTIF(Måned!$A$5:$A$2000,A22)>0,"Ja","")) | J22: Sikkerhet: sjekk UDs reiseråd | K22: Beirut lufthavn, via Wikipedia (periode ikke oppgitt)
A23: USA-WC | B23: Nord-Amerika | C23: USA Nordvestkyst | D23: San Francisco til Vancouver | E23: =IF(A23="","",C23&IF(D23<>""," – "&D23,"")) | F23: Ikke besøkt | G23: Roadtrip / natur | I23: =IF(A23="","",IF(COUNTIF(Måned!$A$5:$A$2000,A23)>0,"Ja","")) | J23: Klima satt for nordenden (Vancouver) – begrensende for regn | K23: Vancouver lufthavn, ECCC 1991–2010, via Wikipedia. San Francisco sentrum (NOAA 1991–2020): mildt, tørt mai–okt
A24: USA-HI | B24: Nord-Amerika | C24: Hawaii | E24: =IF(A24="","",C24&IF(D24<>""," – "&D24,"")) | F24: Ikke besøkt | G24: Strand / natur | I24: =IF(A24="","",IF(COUNTIF(Måned!$A$5:$A$2000,A24)>0,"Ja","")) | K24: Honolulu lufthavn, NOAA 1991–2020, via Wikipedia
A25: USA-CHS | B25: Nord-Amerika | C25: USA | D25: Savannah-Charleston | E25: =IF(A25="","",C25&IF(D25<>""," – "&D25,"")) | F25: Ikke besøkt | G25: By / mat | I25: =IF(A25="","",IF(COUNTIF(Måned!$A$5:$A$2000,A25)>0,"Ja","")) | K25: Snitt av Charleston lufthavn (SC) og Savannah/Hilton Head lufthavn (GA), NOAA 1991–2020, via Wikipedia. Gjelder Lowcountry-kysten generelt
A26: CRI | B26: Sør- og Mellom-Amerika | C26: Costa Rica | E26: =IF(A26="","",C26&IF(D26<>""," – "&D26,"")) | F26: Ikke besøkt | G26: Natur / strand | I26: =IF(A26="","",IF(COUNTIF(Måned!$A$5:$A$2000,A26)>0,"Ja","")) | K26: Liberia (Guanacaste), IMN 1957–2013, via Wikipedia. Karibia-siden har omvendt mønster sep–okt
A27: PAN | B27: Sør- og Mellom-Amerika | C27: Panama | E27: =IF(A27="","",C27&IF(D27<>""," – "&D27,"")) | F27: Ikke besøkt | G27: By / strand | I27: =IF(A27="","",IF(COUNTIF(Måned!$A$5:$A$2000,A27)>0,"Ja","")) | K27: Panama City (Tocumen), WMO 1991–2020, via Wikipedia
A28: COL | B28: Sør- og Mellom-Amerika | C28: Colombia | E28: =IF(A28="","",C28&IF(D28<>""," – "&D28,"")) | F28: Ikke besøkt | G28: By / kultur / strand | I28: =IF(A28="","",IF(COUNTIF(Måned!$A$5:$A$2000,A28)>0,"Ja","")) | K28: Cartagena lufthavn, IDEAM 1991–2020, via Wikipedia. Andes (Bogotá/Medellín): mildt, regn apr–mai og okt–nov
A29: DOM | B29: Sør- og Mellom-Amerika | C29: Den dominikanske republikk | E29: =IF(A29="","",C29&IF(D29<>""," – "&D29,"")) | F29: Ikke besøkt | G29: Strand / hval | I29: =IF(A29="","",IF(COUNTIF(Måned!$A$5:$A$2000,A29)>0,"Ja","")) | K29: Santo Domingo, NOAA 1991–2020, via Wikipedia
A30: BRA-NE | B30: Sør- og Mellom-Amerika | C30: Brasil | D30: Rio og nordover | E30: =IF(A30="","",C30&IF(D30<>""," – "&D30,"")) | F30: Ikke besøkt | G30: By / strand | I30: =IF(A30="","",IF(COUNTIF(Måned!$A$5:$A$2000,A30)>0,"Ja","")) | K30: Rio de Janeiro (Saúde), INMET 1981–2010, via Wikipedia. Salvador (INMET 1991–2020): regntid apr–jul
A31: ECU-GAL | B31: Sør- og Mellom-Amerika | C31: Ecuador | D31: Galápagos | E31: =IF(A31="","",C31&IF(D31<>""," – "&D31,"")) | F31: Ikke besøkt | G31: Natur / dyreliv | I31: =IF(A31="","",IF(COUNTIF(Måned!$A$5:$A$2000,A31)>0,"Ja","")) | K31: San Cristóbal, WMO/DWD 1961–1990, via Wikipedia
A32: ATA | B32: Sør- og Mellom-Amerika | C32: Antarktis | D32: Antarktishalvøya (via Ushuaia) | E32: =IF(A32="","",C32&IF(D32<>""," – "&D32,"")) | F32: Ikke besøkt | G32: Natur / ekspedisjon | H32: 11 | I32: =IF(A32="","",IF(COUNTIF(Måned!$A$5:$A$2000,A32)>0,"Ja","")) | J32: Kun ekspedisjonscruise nov–mars | K32: Esperanza-basen (Antarktishalvøya), SMN 1991–2020, via Wikipedia. Nedbør mest snø
A33: MEX-CDMX | B33: Sør- og Mellom-Amerika | C33: Mexico City | E33: =IF(A33="","",C33&IF(D33<>""," – "&D33,"")) | F33: Ikke besøkt | G33: By / kultur / mat | I33: =IF(A33="","",IF(COUNTIF(Måned!$A$5:$A$2000,A33)>0,"Ja","")) | K33: Mexico City (Tacubaya), SMN 1991–2020, via Wikipedia
A34: RWA | B34: Afrika | C34: Rwanda | E34: =IF(A34="","",C34&IF(D34<>""," – "&D34,"")) | F34: Ikke besøkt | G34: Natur / gorilla | I34: =IF(A34="","",IF(COUNTIF(Måned!$A$5:$A$2000,A34)>0,"Ja","")) | K34: Kigali lufthavn, NOAA 1991–2020, via Wikipedia. Vulkanområdet (gorillaer) er kjøligere og våtere
A35: GAB | B35: Afrika | C35: Gabon | E35: =IF(A35="","",C35&IF(D35<>""," – "&D35,"")) | F35: Ikke besøkt | G35: Natur / dyreliv | I35: =IF(A35="","",IF(COUNTIF(Måned!$A$5:$A$2000,A35)>0,"Ja","")) | K35: Libreville, NOAA 1991–2020, via Wikipedia. Loango har samme sesongmønster
A36: GHA | B36: Afrika | C36: Ghana | E36: =IF(A36="","",C36&IF(D36<>""," – "&D36,"")) | F36: Ikke besøkt | G36: Kultur | I36: =IF(A36="","",IF(COUNTIF(Måned!$A$5:$A$2000,A36)>0,"Ja","")) | K36: Accra lufthavn, NOAA 1991–2020, via Wikipedia
A37: ETH | B37: Afrika | C37: Etiopia | E37: =IF(A37="","",C37&IF(D37<>""," – "&D37,"")) | F37: Ikke besøkt | G37: Kultur / historie | I37: =IF(A37="","",IF(COUNTIF(Måned!$A$5:$A$2000,A37)>0,"Ja","")) | J37: Sikkerhet: konflikt i Amhara (Lalibela, Gondar) – sjekk UDs reiseråd | K37: Addis Abeba, EMI 1991–2020, via Wikipedia. Lalibela/Gondar: samme sesongmønster
A38: BWA | B38: Afrika | C38: Botswana | D38: Okavango, Chobe | E38: =IF(A38="","",C38&IF(D38<>""," – "&D38,"")) | F38: Ikke besøkt | G38: Safari | H38: 10 | I38: =IF(A38="","",IF(COUNTIF(Måned!$A$5:$A$2000,A38)>0,"Ja","")) | J38: Evt. kombinert med Zambia/Zimbabwe (Victoria Falls) | K38: Maun, DWD 1961–1990, via Wikipedia
A39: ZMB | B39: Afrika | C39: Zambia | E39: =IF(A39="","",C39&IF(D39<>""," – "&D39,"")) | F39: Ikke besøkt | G39: Safari | I39: =IF(A39="","",IF(COUNTIF(Måned!$A$5:$A$2000,A39)>0,"Ja","")) | J39: Evt. kombinert med Botswana/Zimbabwe (Victoria Falls) | K39: Livingstone, NOAA 1991–2020, via Wikipedia. South Luangwa: samme mønster, noe hetere okt
A40: ZWE | B40: Afrika | C40: Zimbabwe | E40: =IF(A40="","",C40&IF(D40<>""," – "&D40,"")) | F40: Ikke besøkt | G40: Safari | I40: =IF(A40="","",IF(COUNTIF(Måned!$A$5:$A$2000,A40)>0,"Ja","")) | J40: Evt. kombinert med Botswana/Zambia (Victoria Falls) | K40: Hwange, WMO 1961–1990, via Wikipedia
A41: STP | B41: Afrika | C41: São Tomé og Príncipe | E41: =IF(A41="","",C41&IF(D41<>""," – "&D41,"")) | F41: Ikke besøkt | G41: Natur / strand | I41: =IF(A41="","",IF(COUNTIF(Måned!$A$5:$A$2000,A41)>0,"Ja","")) | K41: São Tomé lufthavn, DWD 1961–1990, via Wikipedia
A42: EGY | B42: Afrika | C42: Egypt | D42: Kairo, Luxor | E42: =IF(A42="","",C42&IF(D42<>""," – "&D42,"")) | F42: Ikke besøkt | G42: Historie / kultur | I42: =IF(A42="","",IF(COUNTIF(Måned!$A$5:$A$2000,A42)>0,"Ja","")) | K42: Luxor lufthavn, WMO 1991–2020, via Wikipedia. Kairo ca. 4–6 °C kjøligere
A43: BEN | B43: Afrika | C43: Benin | E43: =IF(A43="","",C43&IF(D43<>""," – "&D43,"")) | F43: Ikke besøkt | G43: Kultur | I43: =IF(A43="","",IF(COUNTIF(Måned!$A$5:$A$2000,A43)>0,"Ja","")) | J43: Sikkerhet: nordlige områder (inkl. deler av Pendjari) frarådes – sjekk UDs reiseråd | K43: Cotonou, NOAA 1991–2020, via Wikipedia
A44: TGO | B44: Afrika | C44: Togo | E44: =IF(A44="","",C44&IF(D44<>""," – "&D44,"")) | F44: Ikke besøkt | G44: Kultur | I44: =IF(A44="","",IF(COUNTIF(Måned!$A$5:$A$2000,A44)>0,"Ja","")) | J44: Sikkerhet: nordlige grenseområder frarådes – sjekk UDs reiseråd | K44: Lomé lufthavn, NOAA 1991–2020, via Wikipedia
E45: =IF(A45="","",C45&IF(D45<>""," – "&D45,"")) | I45: =IF(A45="","",IF(COUNTIF(Måned!$A$5:$A$2000,A45)>0,"Ja",""))
E46: =IF(A46="","",C46&IF(D46<>""," – "&D46,"")) | I46: =IF(A46="","",IF(COUNTIF(Måned!$A$5:$A$2000,A46)>0,"Ja",""))
E47: =IF(A47="","",C47&IF(D47<>""," – "&D47,"")) | I47: =IF(A47="","",IF(COUNTIF(Måned!$A$5:$A$2000,A47)>0,"Ja",""))
E48: =IF(A48="","",C48&IF(D48<>""," – "&D48,"")) | I48: =IF(A48="","",IF(COUNTIF(Måned!$A$5:$A$2000,A48)>0,"Ja",""))
E49: =IF(A49="","",C49&IF(D49<>""," – "&D49,"")) | I49: =IF(A49="","",IF(COUNTIF(Måned!$A$5:$A$2000,A49)>0,"Ja",""))
E50: =IF(A50="","",C50&IF(D50<>""," – "&D50,"")) | I50: =IF(A50="","",IF(COUNTIF(Måned!$A$5:$A$2000,A50)>0,"Ja",""))
E51: =IF(A51="","",C51&IF(D51<>""," – "&D51,"")) | I51: =IF(A51="","",IF(COUNTIF(Måned!$A$5:$A$2000,A51)>0,"Ja",""))
E52: =IF(A52="","",C52&IF(D52<>""," – "&D52,"")) | I52: =IF(A52="","",IF(COUNTIF(Måned!$A$5:$A$2000,A52)>0,"Ja",""))
E53: =IF(A53="","",C53&IF(D53<>""," – "&D53,"")) | I53: =IF(A53="","",IF(COUNTIF(Måned!$A$5:$A$2000,A53)>0,"Ja",""))
E54: =IF(A54="","",C54&IF(D54<>""," – "&D54,"")) | I54: =IF(A54="","",IF(COUNTIF(Måned!$A$5:$A$2000,A54)>0,"Ja",""))
E55: =IF(A55="","",C55&IF(D55<>""," – "&D55,"")) | I55: =IF(A55="","",IF(COUNTIF(Måned!$A$5:$A$2000,A55)>0,"Ja",""))
E56: =IF(A56="","",C56&IF(D56<>""," – "&D56,"")) | I56: =IF(A56="","",IF(COUNTIF(Måned!$A$5:$A$2000,A56)>0,"Ja",""))
... E64: =IF(A64="","",C64&IF(D64<>""," – "&D64,"")) | I64: =IF(A64="","",IF(COUNTIF(Måned!$A$5:$A$2000,A64)>0,"Ja",""))

Sheet Måned
A1: Månedsvurdering
A2: T maks/nedbør = månedsnormaler fra én representativ stasjon (se Destinasjoner, kolonne K). Botswana og Antarktis er foreløpig ikke verifisert.
A4: ID | B4: Destinasjon | C4: Mnd | D4: Måned | E4: Klima | F4: Opplevelse | G4: Trengsel/pris | H4: Samlet | I4: T maks °C | J4: Nedbør mm | K4: Begrunnelse
A5: BTN | B5: =IFERROR(INDEX(Destinasjoner!$E$5:$E$64,MATCH(A5,Destinasjoner!$A$5:$A$64,0)),"") | C5: 1 | D5: =IF(C5="","",CHOOSE(C5,"jan","feb","mar","apr","mai","jun","jul","aug","sep","okt","nov","des")) | E5: 3 | F5: 3 | G5: 5 | H5: =IF(COUNT(E5:G5)<3,"",ROUND(IF(OR(E5=1,F5=1),MIN('Les meg'!$C$25,E5*'Les meg'!$C$21+F5*'Les meg'!$C$22+G5*'Les meg'!$C$23),E5*'Les meg'!$C$21+F5*'Les meg'!$C$22+G5*'Les meg'!$C$23),1)) | I5: 13.2 | J5: 7 | K5: Kaldt (nattefrost), men klart. Høye pass kan ha snø. Lite turister.
A6: BTN | B6: =IFERROR(INDEX(Destinasjoner!$E$5:$E$64,MATCH(A6,Destinasjoner!$A$5:$A$64,0)),"") | C6: 2 | D6: =IF(C6="","",CHOOSE(C6,"jan","feb","mar","apr","mai","jun","jul","aug","sep","okt","nov","des")) | E6: 3 | F6: 4 | G6: 5 | H6: =IF(COUNT(E6:G6)<3,"",ROUND(IF(OR(E6=1,F6=1),MIN('Les meg'!$C$25,E6*'Les meg'!$C$21+F6*'Les meg'!$C$22+G6*'Les meg'!$C$23),E6*'Les meg'!$C$21+F6*'Les meg'!$C$22+G6*'Les meg'!$C$23),1)) | I6: 15 | J6: 13 | K6: Kjølig og klart. Punakha-festivaler (se Vinduer).
A7: BTN | B7: =IFERROR(INDEX(Destinasjoner!$E$5:$E$64,MATCH(A7,Destinasjoner!$A$5:$A$64,0)),"") | C7: 3 | D7: =IF(C7="","",CHOOSE(C7,"jan","feb","mar","apr","mai","jun","jul","aug","sep","okt","nov","des")) | E7: 4 | F7: 5 | G7: 3 | H7: =IF(COUNT(E7:G7)<3,"",ROUND(IF(OR(E7=1,F7=1),MIN('Les meg'!$C$25,E7*'Les meg'!$C$21+F7*'Les meg'!$C$22+G7*'Les meg'!$C$23),E7*'Les meg'!$C$21+F7*'Les meg'!$C$22+G7*'Les meg'!$C$23),1)) | I7: 17.9 | J7: 22 | K7: Rhododendron starter, god sikt. Paro Tsechu (se Vinduer).
A8: BTN | B8: =IFERROR(INDEX(Destinasjoner!$E$5:$E$64,MATCH(A8,Destinasjoner!$A$5:$A$64,0)),"") | C8: 4 | D8: =IF(C8="","",CHOOSE(C8,"jan","feb","mar","apr","mai","jun","jul","aug","sep","okt","nov","des")) | E8: 5 | F8: 5 | G8: 2 | H8: =IF(COUNT(E8:G8)<3,"",ROUND(IF(OR(E8=1,F8=1),MIN('Les meg'!$C$25,E8*'Les meg'!$C$21+F8*'Les meg'!$C$22+G8*'Les meg'!$C$23),E8*'Les meg'!$C$21+F8*'Les meg'!$C$22+G8*'Les meg'!$C$23),1)) | I8: 20.6 | J8: 34 | K8: Vår-toppsesong: rhododendron i blomst, mildt.
A9: BTN | B9: =IFERROR(INDEX(Destinasjoner!$E$5:$E$64,MATCH(A9,Destinasjoner!$A$5:$A$64,0)),"") | C9: 5 | D9: =IF(C9="","",CHOOSE(C9,"jan","feb","mar","apr","mai","jun","jul","aug","sep","okt","nov","des")) | E9: 4 | F9: 4 | G9: 3 | H9: =IF(COUNT(E9:G9)<3,"",ROUND(IF(OR(E9=1,F9=1),MIN('Les meg'!$C$25,E9*'Les meg'!$C$21+F9*'Les meg'!$C$22+G9*'Les meg'!$C$23),E9*'Les meg'!$C$21+F9*'Les meg'!$C$22+G9*'Les meg'!$C$23),1)) | I9: 22.7 | J9: 59 | K9: Varmere, mer skyer/dis mot slutten av måneden.
A10: BTN | B10: =IFERROR(INDEX(Destinasjoner!$E$5:$E$64,MATCH(A10,Destinasjoner!$A$5:$A$64,0)),"") | C10: 6 | D10: =IF(C10="","",CHOOSE(C10,"jan","feb","mar","apr","mai","jun","jul","aug","sep","okt","nov","des")) | E10: 2 | F10: 3 | G10: 4 | H10: =IF(COUNT(E10:G10)<3,"",ROUND(IF(OR(E10=1,F10=1),MIN('Les meg'!$C$25,E10*'Les meg'!$C$21+F10*'Les meg'!$C$22+G10*'Les meg'!$C$23),E10*'Les meg'!$C$21+F10*'Les meg'!$C$22+G10*'Les meg'!$C$23),1)) | I10: 24.6 | J10: 81 | K10: Monsun starter; skyer skjuler fjellene.
A11: BTN | B11: =IFERROR(INDEX(Destinasjoner!$E$5:$E$64,MATCH(A11,Destinasjoner!$A$5:$A$64,0)),"") | C11: 7 | D11: =IF(C11="","",CHOOSE(C11,"jan","feb","mar","apr","mai","jun","jul","aug","sep","okt","nov","des")) | E11: 2 | F11: 2 | G11: 5 | H11: =IF(COUNT(E11:G11)<3,"",ROUND(IF(OR(E11=1,F11=1),MIN('Les meg'!$C$25,E11*'Les meg'!$C$21+F11*'Les meg'!$C$22+G11*'Les meg'!$C$23),E11*'Les meg'!$C$21+F11*'Les meg'!$C$22+G11*'Les meg'!$C$23),1)) | I11: 25 | J11: 161 | K11: Monsun: regn, jordras på veiene, dårlig fjellutsikt.
A12: BTN | B12: =IFERROR(INDEX(Destinasjoner!$E$5:$E$64,MATCH(A12,Destinasjoner!$A$5:$A$64,0)),"") | C12: 8 | D12: =IF(C12="","",CHOOSE(C12,"jan","feb","mar","apr","mai","jun","jul","aug","sep","okt","nov","des")) | E12: 2 | F12: 2 | G12: 5 | H12: =IF(COUNT(E12:G12)<3,"",ROUND(IF(OR(E12=1,F12=1),MIN('Les meg'!$C$25,E12*'Les meg'!$C$21+F12*'Les meg'!$C$22+G12*'Les meg'!$C$23),E12*'Les meg'!$C$21+F12*'Les meg'!$C$22+G12*'Les meg'!$C$23),1)) | I12: 24.9 | J12: 113 | K12: Monsun. Lavsesong.
A13: BTN | B13: =IFERROR(INDEX(Destinasjoner!$E$5:$E$64,MATCH(A13,Destinasjoner!$A$5:$A$64,0)),"") | C13: 9 | D13: =IF(C13="","",CHOOSE(C13,"jan","feb","mar","apr","mai","jun","jul","aug","sep","okt","nov","des")) | E13: 3 | F13: 4 | G13: 3 | H13: =IF(COUNT(E13:G13)<3,"",ROUND(IF(OR(E13=1,F13=1),MIN('Les meg'!$C$25,E13*'Les meg'!$C$21+F13*'Les meg'!$C$22+G13*'Les meg'!$C$23),E13*'Les meg'!$C$21+F13*'Les meg'!$C$22+G13*'Les meg'!$C$23),1)) | I13: 23.3 | J13: 88 | K13: Monsunen avtar. Thimphu Tsechu (2026: 21.–23.9).
A14: BTN | B14: =IFERROR(INDEX(Destinasjoner!$E$5:$E$64,MATCH(A14,Destinasjoner!$A$5:$A$64,0)),"") | C14: 10 | D14: =IF(C14="","",CHOOSE(C14,"jan","feb","mar","apr","mai","jun","jul","aug","sep","okt","nov","des")) | E14: 5 | F14: 5 | G14: 1 | H14: =IF(COUNT(E14:G14)<3,"",ROUND(IF(OR(E14=1,F14=1),MIN('Les meg'!$C$25,E14*'Les meg'!$C$21+F14*'Les meg'!$C$22+G14*'Les meg'!$C$23),E14*'Les meg'!$C$21+F14*'Les meg'!$C$22+G14*'Les meg'!$C$23),1)) | I14: 20.7 | J14: 49 | K14: Beste måned: klart, tørt, festivaler. Toppsesong – book tidlig.
A15: BTN | B15: =IFERROR(INDEX(Destinasjoner!$E$5:$E$64,MATCH(A15,Destinasjoner!$A$5:$A$64,0)),"") | C15: 11 | D15: =IF(C15="","",CHOOSE(C15,"jan","feb","mar","apr","mai","jun","jul","aug","sep","okt","nov","des")) | E15: 5 | F15: 5 | G15: 2 | H15: =IF(COUNT(E15:G15)<3,"",ROUND(IF(OR(E15=1,F15=1),MIN('Les meg'!$C$25,E15*'Les meg'!$C$21+F15*'Les meg'!$C$22+G15*'Les meg'!$C$23),E15*'Les meg'!$C$21+F15*'Les meg'!$C$22+G15*'Les meg'!$C$23),1)) | I15: 16.9 | J15: 2 | K15: Klart og tørt, kjøligere. Svarthalset trane i Phobjikha (se Vinduer).
A16: BTN | B16: =IFERROR(INDEX(Destinasjoner!$E$5:$E$64,MATCH(A16,Destinasjoner!$A$5:$A$64,0)),"") | C16: 12 | D16: =IF(C16="","",CHOOSE(C16,"jan","feb","mar","apr","mai","jun","jul","aug","sep","okt","nov","des")) | E16: 4 | F16: 4 | G16: 4 | H16: =IF(COUNT(E16:G16)<3,"",ROUND(IF(OR(E16=1,F16=1),MIN('Les meg'!$C$25,E16*'Les meg'!$C$21+F16*'Les meg'!$C$22+G16*'Les meg'!$C$23),E16*'Les meg'!$C$21+F16*'Les meg'!$C$22+G16*'Les meg'!$C$23),1)) | I16: 14.6 | J16: 3 | K16: Kaldt, men klart og stille. Lav trengsel.
... A484: TGO | B484: =IFERROR(INDEX(Destinasjoner!$E$5:$E$64,MATCH(A484,Destinasjoner!$A$5:$A$64,0)),"") | C484: 12 | D484: =IF(C484="","",CHOOSE(C484,"jan","feb","mar","apr","mai","jun","jul","aug","sep","okt","nov","des")) | E484: 4 | F484: 4 | G484: 4 | H484: =IF(COUNT(E484:G484)<3,"",ROUND(IF(OR(E484=1,F484=1),MIN('Les meg'!$C$25,E484*'Les meg'!$C$21+F484*'Les meg'!$C$22+G484*'Les meg'!$C$23),E484*'Les meg'!$C$21+F484*'Les meg'!$C$22+G484*'Les meg'!$C$23),1)) | I484: 33.2 | J484: 8 | K484: Tørt, harmattan starter.

Sheet Vinduer
A1: Vinduer (ukesavgrensede justeringer)
A2: Fra > Til = går over nyttår. «Kun år» tom = gjelder hvert år (for bevegelige høytider: én rad per år).
A4: ID | B4: Destinasjon | C4: Fra uke | D4: Til uke | E4: Type | F4: Justering (±) | G4: Kun år | H4: Beskrivelse
A5: BWA | B5: =IFERROR(INDEX(Destinasjoner!$E$5:$E$64,MATCH(A5,Destinasjoner!$A$5:$A$64,0)),"") | C5: 49 | D5: 12 | E5: Dyreliv | F5: 0.5 | H5: Sebramigrasjon i Makgadikgadi/Nxai Pan i grønn sesong – gjelder hvis ruten inkluderer saltpannene
A6: VNM | B6: =IFERROR(INDEX(Destinasjoner!$E$5:$E$64,MATCH(A6,Destinasjoner!$A$5:$A$64,0)),"") | C6: 7 | D6: 8 | E6: Helligdag | F6: -1 | G6: 2026 | H6: Tet (17.2.2026): fulle tog/fly, mye stengt
A7: VNM | B7: =IFERROR(INDEX(Destinasjoner!$E$5:$E$64,MATCH(A7,Destinasjoner!$A$5:$A$64,0)),"") | C7: 5 | D7: 6 | E7: Helligdag | F7: -1 | G7: 2027 | H7: Tet (6.2.2027): fulle tog/fly, mye stengt
A8: VNM | B8: =IFERROR(INDEX(Destinasjoner!$E$5:$E$64,MATCH(A8,Destinasjoner!$A$5:$A$64,0)),"") | C8: 4 | D8: 5 | E8: Helligdag | F8: -1 | G8: 2028 | H8: Tet (26.1.2028): fulle tog/fly, mye stengt
A9: CHN | B9: =IFERROR(INDEX(Destinasjoner!$E$5:$E$64,MATCH(A9,Destinasjoner!$A$5:$A$64,0)),"") | C9: 5 | D9: 6 | E9: Helligdag | F9: -1 | G9: 2027 | H9: Kinesisk nyttår (6.2.2027): enorm innenlandsreising, mye stengt
A10: CHN | B10: =IFERROR(INDEX(Destinasjoner!$E$5:$E$64,MATCH(A10,Destinasjoner!$A$5:$A$64,0)),"") | C10: 4 | D10: 5 | E10: Helligdag | F10: -1 | G10: 2028 | H10: Kinesisk nyttår (26.1.2028)
A11: CHN | B11: =IFERROR(INDEX(Destinasjoner!$E$5:$E$64,MATCH(A11,Destinasjoner!$A$5:$A$64,0)),"") | C11: 40 | D11: 41 | E11: Helligdag | F11: -1 | G11: 2026 | H11: Golden Week: overfylt, høye priser
A12: CHN | B12: =IFERROR(INDEX(Destinasjoner!$E$5:$E$64,MATCH(A12,Destinasjoner!$A$5:$A$64,0)),"") | C12: 39 | D12: 40 | E12: Helligdag | F12: -1 | G12: 2027 | H12: Golden Week: overfylt, høye priser
A13: CHN | B13: =IFERROR(INDEX(Destinasjoner!$E$5:$E$64,MATCH(A13,Destinasjoner!$A$5:$A$64,0)),"") | C13: 39 | D13: 40 | E13: Helligdag | F13: -1 | G13: 2028 | H13: Golden Week: overfylt, høye priser
A14: CHN | B14: =IFERROR(INDEX(Destinasjoner!$E$5:$E$64,MATCH(A14,Destinasjoner!$A$5:$A$64,0)),"") | C14: 18 | D14: 18 | E14: Helligdag | F14: -0.5 | H14: 1.–5. mai-ferie: fullt på severdigheter (uka kan forskyves ett nr.)
A15: BTN | B15: =IFERROR(INDEX(Destinasjoner!$E$5:$E$64,MATCH(A15,Destinasjoner!$A$5:$A$64,0)),"") | C15: 7 | D15: 7 | E15: Hendelse | F15: 0.5 | G15: 2027 | H15: Punakha Tsechu 16.–18.2.2027 (Punakha Drubchen 13.–15.2)
A16: BTN | B16: =IFERROR(INDEX(Destinasjoner!$E$5:$E$64,MATCH(A16,Destinasjoner!$A$5:$A$64,0)),"") | C16: 11 | D16: 12 | E16: Hendelse | F16: 0.5 | G16: 2027 | H16: Paro Tsechu 18.–22.3.2027
A17: BTN | B17: =IFERROR(INDEX(Destinasjoner!$E$5:$E$64,MATCH(A17,Destinasjoner!$A$5:$A$64,0)),"") | C17: 40 | D17: 41 | E17: Hendelse | F17: 0.5 | G17: 2027 | H17: Thimphu Tsechu 10.–12.10.2027
A18: BTN | B18: =IFERROR(INDEX(Destinasjoner!$E$5:$E$64,MATCH(A18,Destinasjoner!$A$5:$A$64,0)),"") | C18: 45 | D18: 46 | E18: Hendelse | F18: 0.3 | G18: 2027 | H18: Jambay Lhakhang Drup (Bumthang) 14.–17.11.2027
A19: BTN | B19: =IFERROR(INDEX(Destinasjoner!$E$5:$E$64,MATCH(A19,Destinasjoner!$A$5:$A$64,0)),"") | C19: 46 | D19: 46 | E19: Hendelse | F19: 0.3 | H19: Svarthalset trane-festival i Gangtey 11.11 hvert år
A20: MMR | B20: =IFERROR(INDEX(Destinasjoner!$E$5:$E$64,MATCH(A20,Destinasjoner!$A$5:$A$64,0)),"") | C20: 15 | D20: 16 | E20: Helligdag | F20: -0.5 | H20: Thingyan 13.–16.4: vannkamp, mye stengt, transport full
A21: LAO | B21: =IFERROR(INDEX(Destinasjoner!$E$5:$E$64,MATCH(A21,Destinasjoner!$A$5:$A$64,0)),"") | C21: 16 | D21: 16 | E21: Hendelse | F21: 0.3 | H21: Pi Mai (lao nyttår) 14.–16.4 i Luang Prabang: festlig, men fullbooket
A22: IND-GOA | B22: =IFERROR(INDEX(Destinasjoner!$E$5:$E$64,MATCH(A22,Destinasjoner!$A$5:$A$64,0)),"") | C22: 5 | D22: 6 | E22: Hendelse | F22: 0.5 | G22: 2027 | H22: Karneval i Goa (før faste) 2027
A23: IND-GOA | B23: =IFERROR(INDEX(Destinasjoner!$E$5:$E$64,MATCH(A23,Destinasjoner!$A$5:$A$64,0)),"") | C23: 8 | D23: 9 | E23: Hendelse | F23: 0.5 | G23: 2028 | H23: Karneval i Goa (før faste) 2028
A24: IND-GOA | B24: =IFERROR(INDEX(Destinasjoner!$E$5:$E$64,MATCH(A24,Destinasjoner!$A$5:$A$64,0)),"") | C24: 52 | D24: 1 | E24: Annet | F24: -0.5 | H24: Jul/nyttår: toppriser, fullt
A25: LKA-SV | B25: =IFERROR(INDEX(Destinasjoner!$E$5:$E$64,MATCH(A25,Destinasjoner!$A$5:$A$64,0)),"") | C25: 31 | D25: 33 | E25: Hendelse | F25: 0.5 | H25: Esala Perahera i Kandy (juli/aug, følger fullmåne – sjekk dato; 2026: 18.–27.8)
A26: PYF | B26: =IFERROR(INDEX(Destinasjoner!$E$5:$E$64,MATCH(A26,Destinasjoner!$A$5:$A$64,0)),"") | C26: 27 | D26: 29 | E26: Hendelse | F26: 0.5 | H26: Heiva i Tahiti (sen juni–midt juli, sjekk dato)
A27: SILK | B27: =IFERROR(INDEX(Destinasjoner!$E$5:$E$64,MATCH(A27,Destinasjoner!$A$5:$A$64,0)),"") | C27: 12 | D27: 12 | E27: Hendelse | F27: 0.5 | H27: Navruz 21.3: feiring, men offentlig fri
A28: PNG | B28: =IFERROR(INDEX(Destinasjoner!$E$5:$E$64,MATCH(A28,Destinasjoner!$A$5:$A$64,0)),"") | C28: 33 | D28: 33 | E28: Hendelse | F28: 1 | H28: Mount Hagen Cultural Show (ca. midten av aug, sjekk dato)
A29: PNG | B29: =IFERROR(INDEX(Destinasjoner!$E$5:$E$64,MATCH(A29,Destinasjoner!$A$5:$A$64,0)),"") | C29: 37 | D29: 38 | E29: Hendelse | F29: 1 | H29: Goroka Show (helgen rundt 16.9, sjekk dato)
A30: LBN | B30: =IFERROR(INDEX(Destinasjoner!$E$5:$E$64,MATCH(A30,Destinasjoner!$A$5:$A$64,0)),"") | C30: 29 | D30: 32 | E30: Hendelse | F30: 0.3 | H30: Baalbek International Festival (juli–aug, sjekk program)
A31: CRI | B31: =IFERROR(INDEX(Destinasjoner!$E$5:$E$64,MATCH(A31,Destinasjoner!$A$5:$A$64,0)),"") | C31: 11 | D31: 12 | E31: Helligdag | F31: -0.5 | G31: 2027 | H31: Semana Santa: alt fullt, alkoholforbud enkelte dager
A32: CRI | B32: =IFERROR(INDEX(Destinasjoner!$E$5:$E$64,MATCH(A32,Destinasjoner!$A$5:$A$64,0)),"") | C32: 14 | D32: 15 | E32: Helligdag | F32: -0.5 | G32: 2028 | H32: Semana Santa: alt fullt
A33: COL | B33: =IFERROR(INDEX(Destinasjoner!$E$5:$E$64,MATCH(A33,Destinasjoner!$A$5:$A$64,0)),"") | C33: 5 | D33: 6 | E33: Hendelse | F33: 0.5 | G33: 2027 | H33: Karneval i Barranquilla (2 t fra Cartagena)
A34: COL | B34: =IFERROR(INDEX(Destinasjoner!$E$5:$E$64,MATCH(A34,Destinasjoner!$A$5:$A$64,0)),"") | C34: 8 | D34: 9 | E34: Hendelse | F34: 0.5 | G34: 2028 | H34: Karneval i Barranquilla
A35: COL | B35: =IFERROR(INDEX(Destinasjoner!$E$5:$E$64,MATCH(A35,Destinasjoner!$A$5:$A$64,0)),"") | C35: 11 | D35: 12 | E35: Helligdag | F35: -0.5 | G35: 2027 | H35: Semana Santa: innenlands høysesong ved kysten
A36: BRA-NE | B36: =IFERROR(INDEX(Destinasjoner!$E$5:$E$64,MATCH(A36,Destinasjoner!$A$5:$A$64,0)),"") | C36: 5 | D36: 6 | E36: Hendelse | F36: 0.5 | G36: 2027 | H36: Karneval (Rio, Salvador, Recife/Olinda) – fantastisk, men dyrt
A37: BRA-NE | B37: =IFERROR(INDEX(Destinasjoner!$E$5:$E$64,MATCH(A37,Destinasjoner!$A$5:$A$64,0)),"") | C37: 8 | D37: 9 | E37: Hendelse | F37: 0.5 | G37: 2028 | H37: Karneval
A38: BRA-NE | B38: =IFERROR(INDEX(Destinasjoner!$E$5:$E$64,MATCH(A38,Destinasjoner!$A$5:$A$64,0)),"") | C38: 25 | D38: 26 | E38: Hendelse | F38: 0.5 | H38: São João (23.–24.6) i nordøst: forró og fest
A39: USA-HI | B39: =IFERROR(INDEX(Destinasjoner!$E$5:$E$64,MATCH(A39,Destinasjoner!$A$5:$A$64,0)),"") | C39: 12 | D39: 13 | E39: Hendelse | F39: 0.3 | G39: 2027 | H39: Merrie Monarch hula-festival i Hilo (uka etter påske)
A40: USA-HI | B40: =IFERROR(INDEX(Destinasjoner!$E$5:$E$64,MATCH(A40,Destinasjoner!$A$5:$A$64,0)),"") | C40: 15 | D40: 16 | E40: Hendelse | F40: 0.3 | G40: 2028 | H40: Merrie Monarch hula-festival i Hilo
A41: USA-CHS | B41: =IFERROR(INDEX(Destinasjoner!$E$5:$E$64,MATCH(A41,Destinasjoner!$A$5:$A$64,0)),"") | C41: 22 | D41: 23 | E41: Hendelse | F41: 0.3 | H41: Spoleto Festival USA (sen mai–tidl. juni)
A42: MEX-CDMX | B42: =IFERROR(INDEX(Destinasjoner!$E$5:$E$64,MATCH(A42,Destinasjoner!$A$5:$A$64,0)),"") | C42: 44 | D42: 44 | E42: Hendelse | F42: 1 | H42: Día de Muertos (31.10–2.11): parade, altere, Mixquic
A43: ETH | B43: =IFERROR(INDEX(Destinasjoner!$E$5:$E$64,MATCH(A43,Destinasjoner!$A$5:$A$64,0)),"") | C43: 1 | D43: 1 | E43: Helligdag | F43: 0.3 | H43: Genna (etiopisk jul 7.1): midnattsmesse i Lalibela
A44: ETH | B44: =IFERROR(INDEX(Destinasjoner!$E$5:$E$64,MATCH(A44,Destinasjoner!$A$5:$A$64,0)),"") | C44: 3 | D44: 3 | E44: Hendelse | F44: 1 | H44: Timkat (19./20.1): høydepunktet i Gondar og Lalibela – book tidlig
A45: ETH | B45: =IFERROR(INDEX(Destinasjoner!$E$5:$E$64,MATCH(A45,Destinasjoner!$A$5:$A$64,0)),"") | C45: 39 | D45: 39 | E45: Hendelse | F45: 0.5 | H45: Meskel (27.9): bål og feiring i Addis
A46: BEN | B46: =IFERROR(INDEX(Destinasjoner!$E$5:$E$64,MATCH(A46,Destinasjoner!$A$5:$A$64,0)),"") | C46: 1 | D46: 1 | E46: Hendelse | F46: 1 | G46: 2027 | H46: Vodun-festivalen (Vodun Days) i Ouidah, 10.1
A47: BEN | B47: =IFERROR(INDEX(Destinasjoner!$E$5:$E$64,MATCH(A47,Destinasjoner!$A$5:$A$64,0)),"") | C47: 1 | D47: 2 | E47: Hendelse | F47: 1 | G47: 2028 | H47: Vodun-festivalen (Vodun Days) i Ouidah, 10.1
A48: TGO | B48: =IFERROR(INDEX(Destinasjoner!$E$5:$E$64,MATCH(A48,Destinasjoner!$A$5:$A$64,0)),"") | C48: 29 | D48: 29 | E48: Hendelse | F48: 0.3 | H48: Evala-bryting i Kara (juli, sjekk dato)
A49: GHA | B49: =IFERROR(INDEX(Destinasjoner!$E$5:$E$64,MATCH(A49,Destinasjoner!$A$5:$A$64,0)),"") | C49: 31 | D49: 32 | E49: Hendelse | F49: 0.3 | H49: Chale Wote gatekunstfestival (aug); PANAFEST i oddetallsår
A50: EGY | B50: =IFERROR(INDEX(Destinasjoner!$E$5:$E$64,MATCH(A50,Destinasjoner!$A$5:$A$64,0)),"") | C50: 6 | D50: 10 | E50: Helligdag | F50: -0.5 | G50: 2027 | H50: Ramadan (ca. 8.2–9.3.2027): kortere åpningstider
A51: EGY | B51: =IFERROR(INDEX(Destinasjoner!$E$5:$E$64,MATCH(A51,Destinasjoner!$A$5:$A$64,0)),"") | C51: 4 | D51: 8 | E51: Helligdag | F51: -0.5 | G51: 2028 | H51: Ramadan (ca. 28.1–26.2.2028): kortere åpningstider
A52: EGY | B52: =IFERROR(INDEX(Destinasjoner!$E$5:$E$64,MATCH(A52,Destinasjoner!$A$5:$A$64,0)),"") | C52: 8 | D52: 8 | E52: Hendelse | F52: 0.3 | H52: Abu Simbel-solfenomenet 22.2 (hvis ruten går sør til Aswan)
A53: EGY | B53: =IFERROR(INDEX(Destinasjoner!$E$5:$E$64,MATCH(A53,Destinasjoner!$A$5:$A$64,0)),"") | C53: 43 | D53: 43 | E53: Hendelse | F53: 0.3 | H53: Abu Simbel-solfenomenet 22.10
B54: =IF(A54="","",IFERROR(INDEX(Destinasjoner!$E$5:$E$64,MATCH(A54,Destinasjoner!$A$5:$A$64,0)),"?"))
B55: =IF(A55="","",IFERROR(INDEX(Destinasjoner!$E$5:$E$64,MATCH(A55,Destinasjoner!$A$5:$A$64,0)),"?"))
B56: =IF(A56="","",IFERROR(INDEX(Destinasjoner!$E$5:$E$64,MATCH(A56,Destinasjoner!$A$5:$A$64,0)),"?"))
B57: =IF(A57="","",IFERROR(INDEX(Destinasjoner!$E$5:$E$64,MATCH(A57,Destinasjoner!$A$5:$A$64,0)),"?"))
B58: =IF(A58="","",IFERROR(INDEX(Destinasjoner!$E$5:$E$64,MATCH(A58,Destinasjoner!$A$5:$A$64,0)),"?"))
B59: =IF(A59="","",IFERROR(INDEX(Destinasjoner!$E$5:$E$64,MATCH(A59,Destinasjoner!$A$5:$A$64,0)),"?"))
